band,n,priced,won,gap_pts,z
"(0.499, 0.55]",880,0.5253334356616353,0.5238636363636363,-0.14697992979989527,-0.08731473287688458
"(0.55, 0.6]",1111,0.5743893267095672,0.6039603960396039,2.9571069330036726,1.9934925780675559
"(0.6, 0.65]",990,0.6239459766846956,0.604040404040404,-1.9905572644291603,-1.2929855136095705
"(0.65, 0.7]",881,0.6731728616071924,0.6685584562996595,-0.4614405307532876,-0.2919989817668019
"(0.7, 0.75]",863,0.7236907702423195,0.7485515643105446,2.4860794068225056,1.633225608834595
"(0.75, 0.8]",688,0.7752910558309805,0.7732558139534884,-0.20352418774920444,-0.12789915725255702
"(0.8, 0.85]",551,0.8238215181672511,0.8003629764065335,-2.34585417607176,-1.4453859002952703
"(0.85, 0.9]",442,0.8721202099309345,0.8891402714932126,1.7020061562278088,1.0714776799248893
"(0.9, 1.0]",132,0.9162923417930138,0.9621212121212122,4.582887032819838,1.901194254347701
