index,share_of_best_prices
Caesars Sportsbook,0.19506140580088843
Caesars Sportsbook (Colorado),0.17533315913247974
SugarHouse,0.15469035798275413
DraftKings,0.13417820747321663
ESPN BET,0.08871178468774497
PointsBet,0.06780768225764307
BetfairSportsbook,0.04821008622942252
Westgate,0.030441599163835903
Holland Casino,0.027567285079696892
Caesars Sportsbook (New Jersey),0.024954272275934154
Caesars Sportsbook (Pennsylvania),0.01646198066370525
Unibet,0.014502221060883199
Titanbets,0.013979618500130651
Caesars Sportsbook (Tennessee),0.00810033969166449
