book,n,ll_book,ll_consensus_same_games,vig,book_minus_consensus
Westgate,1275.0,0.6070142743575655,0.6076258348592246,0.03589432772404283,-0.0006115605016591141
PointsBet,2480.0,0.6086793782023676,0.6090628491225283,0.044636144794661194,-0.00038347092016066675
Unibet,3797.0,0.6028045106141235,0.6028722208852846,0.045639369022343536,-6.771027116103667e-05
Titanbets,3812.0,0.6034586229914922,0.6034201520931651,0.044754535925988506,3.847089832709205e-05
ESPN BET,2504.0,0.6016417005063062,0.6015494471664161,0.047012653047317075,9.225333989004714e-05
SugarHouse,3692.0,0.603037921156287,0.6027968156375791,0.04296250846123702,0.00024110551870781816
DraftKings,3825.0,0.6037507515679179,0.6034926286688894,0.04069923172336741,0.00025812289902849006
Caesars Sportsbook (Pennsylvania),1320.0,0.6062353327110347,0.6058939416930891,0.036257499962914067,0.00034139101794561366
Caesars Sportsbook (Tennessee),1716.0,0.5885567448897812,0.5881700280606375,0.05297866852621415,0.0003867168291437073
Caesars Sportsbook (New Jersey),3806.0,0.6043768416960118,0.6038197329559581,0.04272363494463567,0.0005571087400536578
Caesars Sportsbook,2491.0,0.6147625547134744,0.6141961757577077,0.03912735191581979,0.000566378955766722
BetfairSportsbook,2498.0,0.6025007605023773,0.6018239753116297,0.05981269510233205,0.000676785190747653
Caesars Sportsbook (Colorado),3635.0,0.6037748808081473,0.6030910749130745,0.04275636569573615,0.0006838058950728865
Holland Casino,2472.0,0.6140491054454047,0.6131398168768969,0.044636112699714625,0.0009092885685078045
