book,season,n,coef_dev,se,mad_dev,ll_book,ll_main,z
BetfairSportsbook,2022-23,1255,0.14947157552604792,0.8260095514921829,0.06094314899099752,0.6235480193333187,0.6232304841580405,0.18095623138501016
BetfairSportsbook,2023-24,1224,-0.26967277293688746,0.9019186791718576,0.05733077293399831,0.5802348910548156,0.5793219312641843,-0.2989989886721286
Caesars Sportsbook,2021-22,1255,0.4020272079228152,0.5048882066519426,0.07197225162922836,0.6110060107526726,0.610691279661562,0.796269753632734
Caesars Sportsbook,2022-23,1228,0.3807912934933538,0.5251915171788304,0.07618467192212806,0.6190563377332502,0.6186869196929393,0.7250522543449467
Caesars Sportsbook (Colorado),2021-22,1165,0.014080093061927266,0.7943245686876622,0.04870420803931358,0.603958719432265,0.6032147836575612,0.017725868765698125
Caesars Sportsbook (Colorado),2022-23,1256,1.3255583793837333,0.8484455217678678,0.05774201838514261,0.6222296379082402,0.6229533128253071,1.5623376461717033
Caesars Sportsbook (Colorado),2023-24,1214,-0.856655315380181,0.7067612199424478,0.06829229643405833,0.5845052375504755,0.5826548512049801,-1.212085908519343
Caesars Sportsbook (New Jersey),2021-22,1319,0.7390520818897787,1.266172229784129,0.03582059525478768,0.6066426499688387,0.6066693253216293,0.5836900103359403
Caesars Sportsbook (New Jersey),2022-23,1255,1.155332110365622,0.8485200219523481,0.057456917122910664,0.6226538224032229,0.6231851105766963,1.3615849720402993
Caesars Sportsbook (New Jersey),2023-24,1232,-1.0879333285059098,0.7038364517860741,0.06777403321564611,0.5833328385309076,0.5810908534826063,-1.5457189319267868
Caesars Sportsbook (Pennsylvania),2021-22,1320,0.024985174781133646,1.0198314513072135,0.04522651397868188,0.6062353327110347,0.6058652747123353,0.024499317754034557
Caesars Sportsbook (Tennessee),2022-23,492,3.185353991210858,1.6052888639640328,0.051380089831933214,0.6042516396195009,0.6064307657303909,1.9842871041571164
Caesars Sportsbook (Tennessee),2023-24,1224,-0.5825781542888279,0.7364235591497487,0.06651402617939872,0.5822480126945015,0.5810562629206303,-0.7910911418443133
DraftKings,2022-23,1256,0.17042085000474802,0.9659554304965097,0.053242739096588006,0.6234763491499892,0.6229533128253071,0.1764272394194732
DraftKings,2023-24,1249,0.014606715468174866,1.0735511577134678,0.0443730508889789,0.5810692501215912,0.5809753041482754,0.013605979895066555
DraftKings,2025-26,1065,0.002052000445556368,7.050133129739873,0.0014457430961292601,0.5784284555498128,0.5784831879907658,0.00029105839674152084
ESPN BET,2023-24,1311,-0.00020247196365070968,8.796799915744142,0.0006242579537537772,0.5824411172562776,0.5824277633856831,-2.3016547561612023e-05
ESPN BET,2024-25,1323,-7.062284890392801,7.3930135275085105,0.0002932195381811807,0.5853831420292607,0.5852759063953302,-0.9552647055378557
Holland Casino,2021-22,1216,-0.3772052706800094,0.7988632501926314,0.04724748605868969,0.6042819156242936,0.6030552023803564,-0.47217752298538357
Holland Casino,2022-23,1256,0.027091339236319522,0.9907057226354709,0.0529370164901773,0.6235052382658433,0.6229533128253071,0.027345495859508375
PointsBet,2021-22,977,0.6056341529220252,1.2809687320510124,0.04099582964237797,0.5970712838312372,0.5971434557381751,0.47279386121495653
PointsBet,2022-23,1160,0.8410754389744626,0.6575175900200811,0.06627371753468696,0.6286780386437076,0.6294345012656754,1.27916796712431
PointsBet,2023-24,343,1.148456429838897,2.1564187213278467,0.04357674120480517,0.5741098799185188,0.57471218658141,0.532575801944308
SugarHouse,2021-22,1291,0.802679496052154,0.9694895665354843,0.05201528070824679,0.6036968596225,0.6039229311169838,0.8279403139123676
SugarHouse,2022-23,1223,-0.9145157053547498,0.9062545436168078,0.05540240105384445,0.6235549814046052,0.6222445634065238,-1.0091157189733606
SugarHouse,2023-24,1178,0.6872964610226777,0.933940157828091,0.0559324781985718,0.5810149549053752,0.5813556403332525,0.7359105990484536
Titanbets,2021-22,1319,0.6821723792985762,1.2524890920743361,0.03392933897842714,0.6062485507984594,0.6063005047182086,0.5446533495703201
Titanbets,2022-23,1256,0.17796264005344276,0.9915641934251793,0.052717743329551314,0.6234552040487208,0.6229533128253071,0.17947667053073282
Titanbets,2023-24,1237,0.7801071646194494,1.1433183922829364,0.043958155764443556,0.5801800291472975,0.580619100657749,0.6823183899471431
Unibet,2021-22,1319,1.2465598034191958,0.9521353855949043,0.0514711691033975,0.6060798806909972,0.6066671144377541,1.3092253709700454
Unibet,2022-23,1255,-0.745160371227958,0.8847843471258817,0.05601903255108899,0.6244131747433286,0.623267489254608,-0.8421943422129066
Unibet,2023-24,1223,1.21616568856811,0.8947539777346029,0.057384678042229,0.577097980267804,0.5779524526199847,1.3592179736906882
Westgate,2021-22,1275,1.5947010482797335,1.1270754348457017,0.044139008494906005,0.6070142743575655,0.607491922116024,1.4149017882712087
