part,rule,threshold,bets,roi,roi_lo,roi_hi,units,roi_lo_bonf,roi_hi_bonf,roi_2022-23,roi_2023-24,roi_2024-25,roi_2025-26,mean_ev_claimed,realised_minus_claimed,rmc_lo,rmc_hi,roi_2021-22,oracle,priced,won,z
a,platt edge>0.0,0.0,450,-0.11645508600949213,-0.2653833745072155,0.04938791570923751,-52.40478870427146,-0.38761790712685923,0.154707735107875,-0.11045105515349365,-0.1313953488372093,,,,,,,,,,,
a,platt edge>0.02,0.02,0,,,,,,,,,,,,,,,,,,,
a,platt edge>0.04,0.04,0,,,,,,,,,,,,,,,,,,,
a,isotonic edge>0.0,0.0,2274,-0.062227528059543714,-0.11456678603016031,-0.006210808578373451,-141.5053988074024,-0.15594658453940052,0.03149152842031309,-0.06689136483506906,-0.12488443336915643,-0.05392742777487247,0.008325397601856301,,,,,,,,,
a,isotonic edge>0.02,0.02,755,-0.09359667745282771,-0.1922341271864655,0.005455323448866018,-70.66549147688492,-0.2630103219836825,0.0758169670780271,-0.050864600098591034,-0.197213013853587,-0.1372196752864372,0.028316925745915243,,,,,,,,,
a,isotonic edge>0.04,0.04,153,-0.002897763209922394,-0.21518617392210831,0.2441954689558944,-0.44335777111812624,-0.4020371269227172,0.3962416005028724,-0.011645664296420333,-0.006944444444444444,0.03561055566358426,0.059455391351943075,,,,,,,,,
a,shin edge>0.0,0.0,0,,,,,,,,,,,,,,,,,,,
a,shin edge>0.02,0.02,0,,,,,,,,,,,,,,,,,,,
a,shin edge>0.04,0.04,0,,,,,,,,,,,,,,,,,,,
a,all favourites >= 75%,,1497,-0.0442430244388018,-0.06480618783111289,-0.02204682715069018,-66.2318075848863,-0.08153170012211353,-0.006954348755490072,-0.08263350667482412,-0.013621084825444463,-0.044586818074392943,-0.046576097662009326,,,,,,,,,
a,all favourites >= 85%,,473,-0.018845285008068913,-0.04907379411358517,0.008736841473189054,-8.913819808816596,-0.06876626912520035,0.03107569910906253,-0.11346449027724148,-0.04231396707120665,0.004133880555538446,0.016388429199985993,,,,,,,,,
b,best price EV>0% vs consensus [test],,1006,0.0038398134536666803,-0.10948457022957986,0.12321525335654952,3.8628523343886805,-0.1942784345544937,0.20195806146182707,0.011585050391184567,-0.0046139274864516,,,0.04694927247868303,-0.04310945902501635,-0.16093856695810246,0.07285977917155959,,,,,
b,best price EV>1% vs consensus [test],,723,0.03225828729673378,-0.1001023929337264,0.166203415054141,23.322741715538523,-0.1992331887259534,0.26374976331942096,0.027078321742395946,0.03774816532013455,,,0.06360058368504938,-0.03134229638831558,-0.16180904025238615,0.1127085702067575,,,,,
b,best price EV>2% vs consensus [test],,548,0.026718836493065064,-0.12993483124430852,0.18433022681535366,14.641922398199656,-0.24386159338998303,0.29729926637611315,0.041930317738557654,0.01094187267339061,,,0.07919902851079254,-0.05248019201772746,-0.19860307818230613,0.10642054802068138,,,,,
b,best price EV>3% vs consensus [test],,418,0.03388620996307373,-0.1425146794484415,0.2197745360998338,14.164435764564821,-0.2734366339411994,0.34120905386734685,0.008947467679813772,0.06268145878498214,,,0.09623636708417403,-0.06235015712110029,-0.2344194246869836,0.11068448598835567,,,,,
b,best price EV>5% vs consensus [test],,262,-0.06499366558428007,-0.2704415938765846,0.16027801721810342,-17.028340383081378,-0.4380739003625772,0.308086569194017,-0.07101379063471305,-0.05859432005822928,,,0.13056117056434155,-0.19555483614862165,-0.3983591816137029,0.030466493439908957,,,,,
b,"best price EV>2% vs consensus, no-arb games only [test]",,278,0.08212230215827337,-0.1706870503597122,0.3520413669064745,22.83,-0.37839604525817777,0.5426406495747245,0.21959999999999996,-0.03019607843137255,,,0.056813250219189086,,,,,,,,
b,all favourites at best price [test],,2506,-0.006778202577130298,-0.03640785641686888,0.019549224910079457,-16.986175658288527,-0.05512590064444292,0.04156949549018232,-0.008535032960107297,-0.005012939408315016,,,,,,,,,,,
b,all underdogs at best price [test],,2506,-0.01416878403562182,-0.07787001335923507,0.05173318569145991,-35.50697279326828,-0.12385243912943557,0.09551487105819194,0.02722252838115048,-0.055758774751994644,,,,,,,,,,,
b,best price EV>0% vs consensus [all3],,1629,0.011310233164481901,-0.07769187748824995,0.09480828620650195,18.424369824941017,-0.1385079970171556,0.1611284633461194,0.011585050391184567,-0.0046139274864516,,,0.049103813648422985,-0.03779358048394108,-0.12256507442781264,0.04989225115476108,0.023373222296231705,,,,
b,best price EV>1% vs consensus [all3],,1200,0.004582491681326423,-0.09850576401262409,0.10411603329204575,5.498990017591709,-0.1684875925820132,0.17765257594466607,0.027078321742395946,0.03774816532013455,,,0.06496931180613662,-0.0603868201248102,-0.15259249783884474,0.045737575084916014,-0.037366355760894795,,,,
b,best price EV>2% vs consensus [all3],,918,0.028069896853068644,-0.08855300830378329,0.14813765514862084,25.768165311117016,-0.17655753154972345,0.23269732525586076,0.041930317738557654,0.01094187267339061,,,0.0803643409582233,-0.05229444410515463,-0.16276762696362193,0.07271610628225816,0.030070926791668538,,,,
b,best price EV>3% vs consensus [all3],,727,0.037499054861673584,-0.08894329804805419,0.17155449881000454,27.261812884436694,-0.18648031271054505,0.26147842243389224,0.008947467679813772,0.06268145878498214,,,0.09499333409228251,-0.05749427923060894,-0.19110995171755962,0.07638897026128146,0.042386333721268196,,,,
b,best price EV>5% vs consensus [all3],,483,-0.00965751397893477,-0.16938398845248534,0.14861474806991243,-4.664579251825494,-0.2805866612571888,0.26127163329931924,-0.07101379063471305,-0.05859432005822928,,,0.12348691134264968,-0.13314442532158446,-0.2800226463711968,0.030839232870480335,0.055944620503420306,,,,
b,"best price EV>2% vs consensus, no-arb games only [all3]",,400,0.04249999999999999,-0.17057250000000002,0.270479375,16.999999999999996,-0.3421216245981413,0.4271216245981413,0.21959999999999996,-0.03019607843137255,,,0.05799486726119557,,,,-0.04778688524590163,,,,
b,all favourites at best price [all3],,3827,-0.0010179582697730457,-0.0226505460155363,0.021634402236782424,-3.8957262984214456,-0.039239391912415676,0.03720347537286959,-0.008535032960107297,-0.005012939408315016,,,,,,,0.00990949989391906,,,,
b,all underdogs at best price [all3],,3827,-0.013211805366253613,-0.06404513530449983,0.03806292938701791,-50.561579136652576,-0.10033314042461322,0.07390952969210599,0.02722252838115048,-0.055758774751994644,,,,,,,-0.011396371191055483,,,,
b,consensus-gap model EV>0% at best price [test],,1967,-0.0222191516734491,-0.09280852309563929,0.050886509138468594,-43.70507134167438,-0.14450431730870084,0.10006601396180265,-0.012103030106738308,-0.03694499155707554,,,,,,,,,,,
b,consensus-gap model EV>2% at best price [test],,1449,-0.003986913134076007,-0.09642877879087278,0.08279682957243495,-5.777037131276135,-0.1611254871759415,0.15315166090778948,0.0052404609559878685,-0.018850467073746466,,,,,,,,,,,
c,ML+spread model edge>0.0,0.0,1058,-0.026591848876748245,-0.10798256899457107,0.06052122741909554,-28.134176111599643,-0.17351525563700598,0.12033155788350948,0.012371372146783044,-0.06827119299247016,0.004239463312131912,-0.016274880812242144,,,,,,,,,
c,ML+spread model edge>0.02,0.02,175,-0.1538370953843158,-0.3244469765771491,0.044115158995582826,-26.921491692255266,-0.4774455902783161,0.16977139950968448,-0.10077680076600967,-0.26205234613080935,-1.0,,,,,,,,,,
c,ML+spread model edge>0.04,0.04,12,-0.44170937954967,-0.8571428571428571,0.0026508579140157953,-5.30051255459604,-1.2010264535950173,0.31760769449567733,0.0019664545980335292,-0.7183908045977011,-1.0,,,,,,,,,,
c,"bet ML side favoured by spread, |gap|>0.1 logit",-1.0,2058,-0.06636330080685013,-0.11350839324864322,-0.014030155473173149,-136.57567306049756,-0.15129544991430227,0.018568848300602,-0.042439053705535905,-0.07806146951690611,-0.06056128102756971,-0.09029196543179933,,,,,,,,,
c,"bet ML side favoured by spread, |gap|>0.2 logit",-1.0,454,-0.10189017114854843,-0.18674837637794098,-0.016402338260558706,-46.25813770144099,-0.2505156825850403,0.04673534028794349,-0.052591921498467704,-0.41844601892602085,-0.21363689056550175,-0.04758167605063048,,,,,,,,,
c,"bet ML side favoured by spread, |gap|>0.3 logit",-1.0,70,-0.16977336821382463,-0.3857354055253906,0.0800770380005867,-11.884135774967724,-0.57630166551258,0.2367549290849307,-0.02185383849400691,-0.5333333333333333,-1.0,-0.26381461675579326,,,,,,,,,
d,close+move model edge>0.0,0.0,579,-0.026232243618446786,-0.09076855731392873,0.035643130078406075,-15.188469055080688,-0.1346561126226382,0.08219162538574463,,,-0.04822856153113907,0.038409996778036665,,,,,,,,,
d,close+move model edge>0.02,0.02,1,-1.0,-1.0,-1.0,-1.0,-1.0,-1.0,,,,-1.0,,,,,,,,,
d,follow move |logit|>0.1 at close [23-26],,2559,-0.02428607864035605,-0.06552527831483594,0.01649244238580472,-62.148075240671126,-0.09672515148504936,0.04815299420433726,,-0.007342697725002737,-0.06475438180405232,0.0010020958861384453,,,,,,,,,
d,fade move |logit|>0.1 at close [23-26],,2559,-0.094324110456106,-0.1443645370077957,-0.04693125034747455,-241.37539865717525,-0.17864980898794824,-0.009998411924263748,,-0.11199008575343918,-0.06758694424005714,-0.10439672977250909,,,,,,,,,
d,follow move |logit|>0.2 at close [23-26],,1498,-0.007470185907798475,-0.05964323257868225,0.05047628173838822,-11.190338489882116,-0.10152814799890872,0.08658777618331176,,-0.02451284810944621,-0.03626439764509779,0.05103799249119142,,,,,,,,,
d,fade move |logit|>0.2 at close [23-26],,1498,-0.11539231935535312,-0.1809190568386177,-0.04584542096956494,-172.85769439431897,-0.2313778473739717,0.000593208663265482,,-0.09291188952094374,-0.09387905448967826,-0.1712727515872498,,,,,,,,,
d,follow move |logit|>0.3 at close [23-26],,867,0.00977951916909402,-0.06327715027098325,0.08171987953600408,8.478843119604516,-0.11507369354104569,0.13463273187923372,,-0.0021258802813198087,-0.010085245705506831,0.05592471443419017,,,,,,,,,
d,fade move |logit|>0.3 at close [23-26],,867,-0.14012291221517287,-0.22872935487154536,-0.04994147166529869,-121.48656489055487,-0.2966014720446305,0.01635564761428479,,-0.1253343884516649,-0.134722113446102,-0.16997021075806185,,,,,,,,,
d,ORACLE: bet at open the side the line moves to (|move|>0.1),,2559,0.13315103871881714,0.08006234907348894,0.1864047016563034,340.73350808145307,0.041057609171101836,0.22524446826653244,,0.16869978813335104,0.09439756000729346,0.13755598799693008,,,,,,True,,,
e,pop10_diff+pop10_x_fav model edge>0.0,0.0,1307,-0.03209859583914507,-0.11082685380685166,0.04433352210422399,-41.9528647617626,-0.1654667421870599,0.10126955050876976,-0.053977574419946134,-0.06585129153650959,0.003317800128932281,0.17136445406445402,,,,,,,,,
e,pop10_diff+pop10_x_fav model edge>0.02,0.02,366,-0.12017343546850569,-0.23197341303032581,0.005463139002126518,-43.98347738147308,-0.3223041608059129,0.08195728986890151,-0.07894457015829423,-0.32666666666666666,-0.19736842105263155,1.325,,,,,,,,,
e,prev_game_blowout(20+) win/loss model edge>0.0,0.0,1025,-0.042365950945541554,-0.12612541852864909,0.04679395688424721,-43.425099719180096,-0.19320497907500142,0.10847307718391833,-0.052196580479021655,-0.0356901008262175,-0.07269843719695028,0.0574694855890286,,,,,,,,,
e,prev_game_blowout(20+) win/loss model edge>0.02,0.02,310,-0.035927402680197625,-0.19569902128351738,0.1284038802948671,-11.137494830861264,-0.31834559597747336,0.24649079061707813,-0.06234161750762257,-0.0019382209935207187,-0.04867374005305041,,,,,,,,,,
e,fade popular (top10) favourite vs non-popular dog,,1612,-0.143900962459456,-0.22203621261498602,-0.06470070287909682,-231.96835148464305,-0.2799087374037767,-0.007893187515135291,-0.05688133206124211,-0.3038170785816215,-0.14107200058574265,-0.08005685152020735,,,,,,,0.29623534881958136,0.27109181141439204,-2.2848979336430735
e,back popular (top10) underdog vs non-popular fav,,850,-0.013490970107849908,-0.11135058682673772,0.0830575560992951,-11.467324591672421,-0.1793810161396529,0.15239907592395308,-0.014998512273587615,-0.08359576869304497,-0.08656102807046204,0.21621786751557745,,,,,,,0.35295191423472677,0.3623529411764706,0.5860670555201445
e,fade LAL/GSW/BOS/NYK favourite,,931,-0.0769947128239919,-0.18031743305661294,0.03199713105413786,-71.68207763913645,-0.2597040627918512,0.10571463714386739,0.093763199417405,-0.2912780694482822,0.016843762298307738,-0.12034291639994184,,,,,,,0.29747998922414537,0.2878625134264232,-0.6622450787194178
e,back LAL/GSW/BOS/NYK underdog,,400,0.0006314904617973638,-0.12485830470626985,0.12197510771304568,0.2525961847189455,-0.21272361027198147,0.2139865911955762,0.023456511282598208,-0.11427478245660065,-0.06071983571983571,0.12790127371703394,,,,,,,0.378448937426738,0.41,1.3253531535966165
e,back team coming off a 20+ pt loss,,909,-0.02458101663215625,-0.12294432582271919,0.07736549330723333,-22.344144118630034,-0.19933415182499906,0.15017211856068655,0.13703286696106656,-0.018585747462550352,-0.12405911998732361,-0.04860772667983596,,,,,,,0.39591797826895886,0.40594059405940597,0.6824152372995452
e,fade team coming off a 20+ pt win,,948,-0.08802415452336061,-0.1781196481781763,0.005792883894632027,-83.44689848814586,-0.24882420514448855,0.07277589609776734,-0.017068359975201376,-0.005871692533502121,-0.05029228571077669,-0.24995443765804268,,,,,,,0.40212265478602266,0.3818565400843882,-1.3874006808848363
e,fade team on 5+ win streak,,550,-0.11193648022237108,-0.2199205922090634,0.004617148747737037,-61.56506412230409,-0.3103423341464385,0.08646937370169634,-0.07967022862539706,-0.025637945410728866,-0.18295371506586414,-0.14781694094608586,,,,,,,0.3591160300475904,0.34545454545454546,-0.7185091035549592
e,back team on 5+ losing streak,,593,-0.18665270841483866,-0.31206042739528667,-0.055514220894275206,-110.68505608999934,-0.4124999774557344,0.03919456062605706,-0.015738864622534238,-0.20067053576014554,-0.195430979632752,-0.27914759089043056,,,,,,,0.2933476053541244,0.2782462057335582,-0.8658195169814912
e,POST-HOC mirror: back popular (top10) favourite vs non-popular dog,,1612,-0.004578017458520942,-0.03470126141954296,0.026636135425025936,-7.379764143135759,-0.0573339886889515,0.04817795377190962,-0.0042217839391536,0.059982383357413564,0.003964054651555271,-0.0608280431208876,,,,,,,0.7037646511804188,0.7289081885856079,2.2848979336430584
open,open: platt edge>0.0 @open,0.0,430,-0.04477224172813488,-0.11600409831438845,0.027896752126921904,-19.252063943098,-0.17063291321126098,0.08108842975499123,,,-0.04241048633511986,-0.1693548387096775,,,,,,,,,
open,open: platt edge>0.02 @open,0.02,0,,,,,,,,,,,,,,,,,,,
open,open: +|logit| (FLB) edge>0.0 @open,0.0,810,-0.03797812372152866,-0.11963391476063812,0.04291404119589683,-30.762280214438213,-0.1815479608712952,0.10559171342823791,,,-0.03803291724953334,-0.037818507792123736,,,,,,,,,
open,open: +|logit| (FLB) edge>0.02 @open,0.02,0,,,,,,,,,,,,,,,,,,,
open,open: +pop10_diff+pop10_x_fav edge>0.0 @open,0.0,900,-0.019042320513756955,-0.08126343385268892,0.04265007028681995,-17.13808846238126,-0.12562976804083972,0.08754512701332581,,,-0.043190626704420594,0.027602453333355564,,,,,,,,,
open,open: +pop10_diff+pop10_x_fav edge>0.02 @open,0.02,502,-0.02012587675305026,-0.09971350296252007,0.06545171252310003,-10.10319013003123,-0.16449660512058886,0.12424485161448835,,,-0.021596308822634202,-0.018271277746367828,,,,,,,,,
open,open: +prev_game_blowout edge>0.0 @open,0.0,549,-0.045496754887982695,-0.11806395500811259,0.02515971738159703,-24.9777184335025,-0.16918028634266366,0.07818677656669829,,,-0.044893040227629,-0.0478789803045135,,,,,,,,,
open,open: +prev_game_blowout edge>0.02 @open,0.02,18,0.0986554293277713,-0.23485487198806834,0.3751007559372014,1.7757977278998833,-0.44041457606796275,0.6377254347235053,,,0.0986554293277713,,,,,,,,,,
open,open: +streak_5+ edge>0.0 @open,0.0,497,-0.01871589569448022,-0.09640367767865188,0.05463185462995835,-9.301800160156668,-0.1519559536648828,0.11452416227592237,,,-0.028429403523487985,0.04362452768571889,,,,,,,,,
open,open: +streak_5+ edge>0.02 @open,0.02,65,-0.13769560636606962,-0.34299871453505326,0.06662430623032328,-8.950214413794525,-0.4981721122266588,0.22278089949451954,,,-0.13769560636606962,,,,,,,,,,
open,open: +open_spread_eff edge>0.0 @open,0.0,956,-0.025008777983884622,-0.08822739009368478,0.04499834291658253,-23.908391752593698,-0.14224449891731122,0.09222694294954197,,,-0.022687322596417644,-0.027685771583846535,,,,,,,,,
open,open: +open_spread_eff edge>0.02 @open,0.02,488,-0.022422521178441318,-0.10229657863783446,0.05677054556567409,-10.942190335079363,-0.16029375626073625,0.11544871390385361,,,-0.014330501940622834,-0.04617651313461816,,,,,,,,,
all,ALL-features model edge>0.0,0.0,2163,-0.04134786802206368,-0.0958989283159192,0.013314934539167708,-89.43543853172375,-0.13354631762114297,0.05085058157701561,-0.018556644099506928,-0.09152171756662464,-0.04706379868556799,0.02200080126811858,,,,,,,,,
all,ALL-features model edge>0.02,0.02,772,-0.004218812618458811,-0.091504285216181,0.0884756932604034,-3.256923341450202,-0.15702521143368964,0.14858758619677204,-0.009221298500118469,-0.013414214867938876,-0.0045386501716072935,0.1434552788613062,,,,,,,,,
