variant,d_mse,ci95,ciBonf,2022-23,2023-24,2024-25,2025-26,thr1_n,thr1_hit,thr1_roi,thr1_roi_ci,thr2_n,thr2_hit,thr2_roi,thr2_roi_ci
travel_km_diff,0.1683378925517906,"(-0.025057684063694505, 0.3706760967690524)","(-0.11435496632155943, 0.4640416512573459)",0.7721997965613688,0.04965603586024423,-0.0027301728720451526,-0.11862230181002803,78,0.5641025641025641,0.07692307692307694,"(-0.143, 0.273)",2,0.5,-0.04545454545454547,"(-1.0, 0.909)"
tz_abs_diff,0.04530727580465615,"(-0.14216697421836644, 0.23563905253869213)","(-0.22503303660666005, 0.3354681824695064)",0.5318367845441828,0.030141939461151193,-0.0696405740621027,-0.2890319922261472,50,0.56,0.06909090909090908,"(-0.198, 0.336)",2,0.5,-0.04545454545454547,"(-1.0, 0.909)"
tz_east_west,-0.07503943101712748,"(-0.37406593217086737, 0.2188137310749049)","(-0.517683402675185, 0.3327581963081112)",0.6370581427987279,-0.08828576308468548,-0.4858033397445988,-0.330978207745922,225,0.5066666666666667,-0.032727272727272716,"(-0.16, 0.086)",6,0.3333333333333333,-0.3636363636363636,"(-1.0, 0.273)"
visiting_altitude,0.13742031600640547,"(-0.03395540849159379, 0.3142027623155053)","(-0.11848014118298329, 0.39806078046921634)",0.5217112067634492,0.019947884310314388,0.05186606398205663,-0.02664276411133137,88,0.42045454545454547,-0.19731404958677687,"(-0.393, -0.002)",0,,,"(nan, nan)"
after_altitude,0.2378647017457776,"(-0.001849853603786325, 0.48017376607620604)","(-0.10963316216990408, 0.5987167761936154)",0.7589273451493482,-0.028484076299172236,0.2081698063892647,0.03599023164840179,50,0.42,-0.19818181818181815,"(-0.465, 0.069)",34,0.38235294117647056,-0.27005347593582885,"(-0.607, 0.011)"
road_trip_len,0.1604183002761811,"(-0.030114616164070695, 0.36104942491111336)","(-0.13966978010371364, 0.4767417788045752)",0.6628814303277554,0.04324885560986088,-0.040289098619847155,-0.0016618477566191095,76,0.4868421052631579,-0.07057416267942583,"(-0.297, 0.13)",1,1.0,0.9090909090909091,"(0.909, 0.909)"
home_stand_len,0.11338871233341821,"(-0.08637328956195059, 0.31855833809183465)","(-0.18984831075346512, 0.4350636581906775)",0.28038278835311736,0.12206282828070236,0.08766180407945166,-0.028932845143271567,3,0.3333333333333333,-0.3636363636363636,"(-1.0, 0.909)",0,,,"(nan, nan)"
three_in_four,0.031090183317857706,"(-0.20039748784749553, 0.2683618288791132)","(-0.31550991638641857, 0.39843844545488666)",0.26650260848946267,-0.06610243399339093,0.02340654200593313,-0.08893230717198049,0,,,"(nan, nan)",0,,,"(nan, nan)"
four_in_six,0.05940314400030241,"(-0.12276307646959907, 0.24297803666985215)","(-0.2454453287736543, 0.32898804086842953)",0.40831087294002244,-0.025547091056278157,-0.029135932980469455,-0.10035666153002505,0,,,"(nan, nan)",0,,,"(nan, nan)"
b2b_with_travel,0.12909311340151802,"(-0.07236005525559912, 0.3322212591259953)","(-0.19553350403128703, 0.43876621904652485)",0.3341544229288469,0.04074557212710291,-0.0388790482715827,0.18937862757162385,0,,,"(nan, nan)",0,,,"(nan, nan)"
games_last7,0.0011240523910222501,"(-0.21893499547579726, 0.23210334513313466)","(-0.33843982039840814, 0.3587385679370185)",0.33950841507582485,-0.04783525090454625,-0.0941755296681863,-0.1777459996392754,3,0.6666666666666666,0.2727272727272727,"(-1.0, 0.909)",0,,,"(nan, nan)"
travel_7d,0.18231034131010096,"(-0.09876612187073158, 0.4821589955647812)","(-0.2640573030244085, 0.5923835036201398)",0.7773958746567879,0.2773828283535288,-0.04651869847785499,-0.25182356672768996,214,0.4719626168224299,-0.09898045879354288,"(-0.224, 0.026)",4,0.75,0.43181818181818177,"(-0.523, 0.909)"
days_since_home,0.1775583915768383,"(-0.01032206111304859, 0.3746953725974828)","(-0.11406230019209534, 0.49433558937580996)",0.6865431223300426,0.018987709122926997,0.01807531827815836,0.009368016366743953,77,0.38961038961038963,-0.256198347107438,"(-0.455, -0.033)",3,0.3333333333333333,-0.3636363636363636,"(-1.0, 0.909)"
home_return_from_trip,-0.06066409728341815,"(-0.32777770052615557, 0.2236764902618732)","(-0.46106329762501913, 0.3926312240118656)",0.20902509965494964,-0.10157104954215998,0.0020263955125531144,-0.33987727471922696,134,0.5373134328358209,0.02578018995929444,"(-0.131, 0.182)",0,,,"(nan, nan)"
body_clock_diff,0.09047863041694394,"(-0.4054510260425021, 0.5802341066328683)","(-0.6662551846750895, 0.8063165966936893)",0.7852930135017402,-0.2947150405675453,0.31811165691233645,-0.4157782146436758,722,0.4889196675900277,-0.06660790732812892,"(-0.138, 0.005)",60,0.5166666666666667,-0.013636363636363629,"(-0.268, 0.241)"
combined_l2,-0.07604599304228354,"(-0.3417119214461414, 0.19963339957682966)","(-0.5168888128825101, 0.3412568859649852)",0.5909103494916942,-0.008585183666466116,-0.24242933503379607,-0.6136209591292545,44,0.5227272727272727,-0.002066115702479332,"(-0.306, 0.302)",2,0.5,-0.04545454545454547,"(-1.0, 0.909)"
