thr,bets,roi,lo,hi,home_share,model,spec,variant,odds
0.0,551,-0.10552649921135597,-0.2468427542426988,0.03815129954212444,0.07078039927404718,closing,A_recal,market_recal,close
0.02,0,,,,,closing,A_recal,market_recal,close
0.04,0,,,,,closing,A_recal,market_recal,close
0.0,1083,-0.05788206576716051,-0.1464423349888569,0.03635934754081845,0.13850415512465375,closing,A_recal,travel_km_diff,close
0.02,167,0.07591225779049253,-0.13114259654850519,0.29258347750204483,0.029940119760479042,closing,A_recal,travel_km_diff,close
0.04,55,-0.009321178868040663,-0.30330131773658364,0.29195787986288985,0.0,closing,A_recal,travel_km_diff,close
0.0,670,-0.09290274367604086,-0.21783403865751885,0.028682178894326085,0.07462686567164178,closing,A_recal,tz_abs_diff,close
0.02,5,0.19764705882352943,-0.6823529411764706,1.0776470588235294,0.0,closing,A_recal,tz_abs_diff,close
0.04,2,-0.2058823529411764,-1.0,0.5882352941176472,0.0,closing,A_recal,tz_abs_diff,close
0.0,796,-0.09348368447712636,-0.1982793006085037,0.021153600343044088,0.14949748743718594,closing,A_recal,tz_east_west,close
0.02,22,0.0005101727211260585,-0.4586932970680433,0.481802392587129,0.2727272727272727,closing,A_recal,tz_east_west,close
0.04,4,-0.14460784313725483,-1.0,0.7107843137254903,0.0,closing,A_recal,tz_east_west,close
0.0,283,-0.10847841907098699,-0.34028533804287864,0.13758229850427353,0.1696113074204947,closing,A_recal,visiting_altitude,close
0.02,88,-0.21058200192534235,-0.4975856325651235,0.09438112810210282,0.0,closing,A_recal,visiting_altitude,close
0.04,86,-0.20578933530345103,-0.5005581887815067,0.11141775850002249,0.0,closing,A_recal,visiting_altitude,close
0.0,582,-0.05612794138022556,-0.17577288854228176,0.07363280456774157,0.20103092783505155,closing,A_recal,after_altitude,close
0.02,169,-0.051327275939196046,-0.24700436405945264,0.15681047400146697,0.33136094674556216,closing,A_recal,after_altitude,close
0.04,126,0.02236857383902412,-0.21799276323045894,0.2857196579442614,0.3412698412698413,closing,A_recal,after_altitude,close
0.0,653,-0.15247897116510287,-0.269002215087391,-0.03217300929801685,0.08422664624808576,closing,A_recal,road_trip_len,close
0.02,102,-0.1903569703530379,-0.4209843219838747,0.06508378268672431,0.0,closing,A_recal,road_trip_len,close
0.04,11,-0.3909090909090909,-1.0,0.4272727272727273,0.0,closing,A_recal,road_trip_len,close
0.0,1683,-0.06595542061636328,-0.13027307605441146,0.0025363735624678767,0.22043969102792632,closing,A_recal,home_stand_len,close
0.02,146,-0.048902641594549566,-0.2515239486336895,0.17577079059984277,0.726027397260274,closing,A_recal,home_stand_len,close
0.04,29,0.20239880059970017,-0.4079460269865068,0.8620689655172413,1.0,closing,A_recal,home_stand_len,close
0.0,668,-0.07789221210923683,-0.2010289697768308,0.050524719228914945,0.10029940119760479,closing,A_recal,three_in_four,close
0.02,0,,,,,closing,A_recal,three_in_four,close
0.04,0,,,,,closing,A_recal,three_in_four,close
0.0,641,-0.10432998768735166,-0.22760678646597374,0.018449959282441194,0.06708268330733229,closing,A_recal,four_in_six,close
0.02,7,-0.29285714285714287,-1.0,0.6441071428571472,0.0,closing,A_recal,four_in_six,close
0.04,0,,,,,closing,A_recal,four_in_six,close
0.0,945,-0.07223109508603254,-0.1736443913708958,0.04091235909146095,0.12380952380952381,closing,A_recal,b2b_with_travel,close
0.02,24,0.11795741089844036,-0.41776874150288995,0.7296371013938014,0.0,closing,A_recal,b2b_with_travel,close
0.04,0,,,,,closing,A_recal,b2b_with_travel,close
0.0,1005,-0.052578109065751805,-0.14385510466291668,0.04165177436355968,0.10248756218905472,closing,A_recal,games_last7,close
0.02,19,0.031015037593984968,-0.5866541353383459,0.75,0.0,closing,A_recal,games_last7,close
0.04,0,,,,,closing,A_recal,games_last7,close
0.0,1461,-0.07587821161412371,-0.15131734457592974,0.0006452008060285809,0.19096509240246407,closing,A_recal,travel_7d,close
0.02,311,-0.05961265887999172,-0.20425554485058786,0.08470107813556603,0.08681672025723473,closing,A_recal,travel_7d,close
0.04,83,0.08566716613353285,-0.22345974665739016,0.41488000348827936,0.024096385542168676,closing,A_recal,travel_7d,close
0.0,647,-0.12904093339438674,-0.24304125663480897,-0.007348916813304119,0.08964451313755796,closing,A_recal,days_since_home,close
0.02,122,-0.36480069813489263,-0.5482995579977058,-0.1625721025584631,0.0,closing,A_recal,days_since_home,close
0.04,22,-0.3635281385281386,-0.9112554112554112,0.2911877705627712,0.0,closing,A_recal,days_since_home,close
0.0,1164,-0.013822518051620757,-0.0959046889923526,0.07359307038042238,0.15206185567010308,closing,A_recal,home_return_from_trip,close
0.02,279,0.04405178613917826,-0.11764363788698576,0.20143074333655028,0.0,closing,A_recal,home_return_from_trip,close
0.04,45,-0.19863105056087516,-0.5073127253675499,0.1126527813479569,0.0,closing,A_recal,home_return_from_trip,close
0.0,634,-0.04958056560397788,-0.17382209728727116,0.07723377239725407,0.08675078864353312,closing,A_recal,body_clock_diff,close
0.02,46,-0.21203649213988554,-0.5265663819875775,0.12748829577103707,0.0,closing,A_recal,body_clock_diff,close
0.04,0,,,,,closing,A_recal,body_clock_diff,close
0.0,1136,-0.026776551879555417,-0.11589846999509762,0.06386774081865905,0.12411971830985916,closing,A_recal,combined_l2,close
0.02,369,-0.08029086377927534,-0.21397042914940304,0.05618058847651905,0.06233062330623306,closing,A_recal,combined_l2,close
0.04,182,-0.12510455802570708,-0.3236647974143749,0.08998830648088456,0.054945054945054944,closing,A_recal,combined_l2,close
0.0,946,-0.05188686891129229,-0.1465010537123125,0.048934822229522904,0.11205073995771671,closing,A_recal,combined_l1,close
0.02,342,-0.0660382993584376,-0.21094488756415128,0.07634236977586852,0.05847953216374269,closing,A_recal,combined_l1,close
0.04,175,-0.2305366189888997,-0.40336330213264865,-0.03664503832971559,0.06285714285714286,closing,A_recal,combined_l1,close
0.0,587,-0.008951746532710955,-0.13472217846452447,0.11870318571119122,0.3730834752981261,closing,B_offset,travel_km_diff,close
0.02,106,0.1342145593167214,-0.14659353084380922,0.4379913700922474,0.3018867924528302,closing,B_offset,travel_km_diff,close
0.04,17,0.25873039752985594,-0.3601331159062088,0.8982667977677006,0.17647058823529413,closing,B_offset,travel_km_diff,close
0.0,108,-0.21670972535896282,-0.46157932977717836,0.046874130801418404,0.4166666666666667,closing,B_offset,tz_abs_diff,close
0.02,2,-0.2058823529411764,-1.0,0.5882352941176472,0.0,closing,B_offset,tz_abs_diff,close
0.04,0,,,,,closing,B_offset,tz_abs_diff,close
0.0,214,-0.15751125569612845,-0.3448483960594952,0.041836820605748885,0.42990654205607476,closing,B_offset,tz_east_west,close
0.02,19,0.2848583877995643,-0.23396800825593392,0.7731018518518518,0.47368421052631576,closing,B_offset,tz_east_west,close
0.04,4,-0.14460784313725483,-1.0,0.7107843137254903,0.0,closing,B_offset,tz_east_west,close
0.0,171,-0.15593134507200393,-0.3655586921863778,0.05928097806493085,0.4853801169590643,closing,B_offset,visiting_altitude,close
0.02,84,-0.21717482980333697,-0.5185158716548601,0.1135668242420895,0.0,closing,B_offset,visiting_altitude,close
0.04,76,-0.22812517486430525,-0.5296100949347516,0.11116202024597342,0.0,closing,B_offset,visiting_altitude,close
0.0,206,-0.028599469359048595,-0.20937048329194405,0.16660861012471168,0.4077669902912621,closing,B_offset,after_altitude,close
0.02,169,-0.016390997156763426,-0.21785090237737595,0.20352794240099273,0.378698224852071,closing,B_offset,after_altitude,close
0.04,122,-0.03332522052619968,-0.255586113648633,0.2091020674903707,0.38524590163934425,closing,B_offset,after_altitude,close
0.0,169,-0.25626718540157944,-0.481421913637165,-0.00914991193844108,0.05917159763313609,closing,B_offset,road_trip_len,close
0.02,14,-0.42142857142857143,-1.0,0.4142857142857143,0.0,closing,B_offset,road_trip_len,close
0.04,1,3.5,3.5,3.5,0.0,closing,B_offset,road_trip_len,close
0.0,1186,-0.01768042454752826,-0.1082843186357824,0.0710365706391139,0.45446880269814505,closing,B_offset,home_stand_len,close
0.02,145,-0.02502823354064806,-0.2369289703864161,0.19880129444730893,1.0,closing,B_offset,home_stand_len,close
0.04,35,-0.05977712824260136,-0.5223121118012422,0.4687329192546586,1.0,closing,B_offset,home_stand_len,close
0.0,62,-0.3233870967741936,-0.6685887096774192,0.05082661290322588,0.25806451612903225,closing,B_offset,three_in_four,close
0.02,0,,,,,closing,B_offset,three_in_four,close
0.04,0,,,,,closing,B_offset,three_in_four,close
0.0,76,-0.4618421052631579,-0.7598684210526315,-0.10328947368421054,0.25,closing,B_offset,four_in_six,close
0.02,0,,,,,closing,B_offset,four_in_six,close
0.04,0,,,,,closing,B_offset,four_in_six,close
0.0,355,-0.07060567877128222,-0.21373074186614457,0.0823231901536675,0.6169014084507042,closing,B_offset,b2b_with_travel,close
0.02,0,,,,,closing,B_offset,b2b_with_travel,close
0.04,0,,,,,closing,B_offset,b2b_with_travel,close
0.0,327,-0.09780643784921284,-0.2735228504004698,0.0835787472801481,0.27522935779816515,closing,B_offset,games_last7,close
0.02,0,,,,,closing,B_offset,games_last7,close
0.04,0,,,,,closing,B_offset,games_last7,close
0.0,1154,-0.013925270673602143,-0.10397692642565397,0.07746616661005612,0.41334488734835356,closing,B_offset,travel_7d,close
0.02,187,0.087968913958749,-0.11020744146427557,0.2973962557404869,0.42245989304812837,closing,B_offset,travel_7d,close
0.04,54,0.13504417353877424,-0.2394189794863812,0.5366775553588214,0.3888888888888889,closing,B_offset,travel_7d,close
0.0,228,-0.2004626239866759,-0.4054234608709208,0.018616494938031383,0.14473684210526316,closing,B_offset,days_since_home,close
0.02,21,-0.42619047619047623,-1.0,0.25952380952380955,0.0,closing,B_offset,days_since_home,close
0.04,7,-0.35714285714285715,-1.0,0.9285714285714286,0.0,closing,B_offset,days_since_home,close
0.0,687,0.04452173993647849,-0.07227066031889266,0.1644256760754225,0.09170305676855896,closing,B_offset,home_return_from_trip,close
0.02,153,-0.008524672009665548,-0.23213148148670093,0.20707091203783448,0.0,closing,B_offset,home_return_from_trip,close
0.04,20,-0.16903846153846155,-0.6425624999999998,0.34693749999999995,0.0,closing,B_offset,home_return_from_trip,close
0.0,89,-0.10409104004609622,-0.4520404782483434,0.30776361279170295,0.30337078651685395,closing,B_offset,body_clock_diff,close
0.02,0,,,,,closing,B_offset,body_clock_diff,close
0.04,0,,,,,closing,B_offset,body_clock_diff,close
0.0,968,0.012041783785160897,-0.08233613534161534,0.10690818869912753,0.36983471074380164,closing,B_offset,combined_l2,close
0.02,324,-0.0885052565379817,-0.2325929731536161,0.0628485716953039,0.3117283950617284,closing,B_offset,combined_l2,close
0.04,126,-0.0611924243986771,-0.28232265657022654,0.19446118926361605,0.23015873015873015,closing,B_offset,combined_l2,close
0.0,720,-0.020024167271563153,-0.1266686809653236,0.08761774944245164,0.3388888888888889,closing,B_offset,combined_l1,close
0.02,264,-0.11098303927365154,-0.2643676416840478,0.047614728686061536,0.2727272727272727,closing,B_offset,combined_l1,close
0.04,125,-0.11147615089331675,-0.33061909536143147,0.1162448306433648,0.184,closing,B_offset,combined_l1,close
0.0,250,-0.20054591638357755,-0.38760506511945486,0.007575072979383359,0.024,closing,B_offset,combined_gbm,close
0.02,1,-1.0,-1.0,-1.0,0.0,closing,B_offset,combined_gbm,close
0.04,0,,,,,closing,B_offset,combined_gbm,close
0.0,626,-0.05547428371475347,-0.12395078884580615,0.011019761140899682,0.0,opening,A_recal,market_recal,open
0.02,0,,,,,opening,A_recal,market_recal,open
0.04,0,,,,,opening,A_recal,market_recal,open
0.0,1684,-0.09867910970876166,-0.15995510647971858,-0.03674225940636959,0.34323040380047504,opening,A_recal,market_recal,close
0.02,1037,-0.05757804787367027,-0.13766880297115194,0.02621497621343635,0.3114754098360656,opening,A_recal,market_recal,close
0.04,594,-0.11504039090568992,-0.21376911590573758,-0.010034300278860828,0.3114478114478115,opening,A_recal,market_recal,close
0.0,765,-0.02217270566536138,-0.0942003202696093,0.05063576370478253,0.03529411764705882,opening,A_recal,travel_km_diff,open
0.02,189,-0.05266415439588508,-0.17733667546598933,0.08018799041172979,0.015873015873015872,opening,A_recal,travel_km_diff,open
0.04,37,-0.0026531459447818317,-0.2866714939380388,0.29266587199448296,0.0,opening,A_recal,travel_km_diff,open
0.0,1702,-0.09692635685226322,-0.15620309670610785,-0.03608179013509825,0.34782608695652173,opening,A_recal,travel_km_diff,close
0.02,1079,-0.06102088581198325,-0.13740011254081042,0.016305005355863215,0.31417979610750696,opening,A_recal,travel_km_diff,close
0.04,635,-0.09748286103866906,-0.19788720366843673,0.007435786571551119,0.31968503937007875,opening,A_recal,travel_km_diff,close
0.0,762,-0.019103254349875875,-0.08903734691736846,0.051813090160827566,0.013123359580052493,opening,A_recal,tz_abs_diff,open
0.02,100,0.09506244089817692,-0.08541794906908526,0.2881057747060418,0.0,opening,A_recal,tz_abs_diff,open
0.04,15,0.29020291084081073,-0.08103592540795493,0.6054767392561959,0.0,opening,A_recal,tz_abs_diff,open
0.0,1704,-0.0925713581496306,-0.15191158596251378,-0.03115995848544875,0.34624413145539906,opening,A_recal,tz_abs_diff,close
0.02,1070,-0.05536307600838437,-0.13046593737634862,0.026186120564207268,0.3149532710280374,opening,A_recal,tz_abs_diff,close
0.04,628,-0.06683605475746862,-0.16399197049425637,0.03655319586533422,0.321656050955414,opening,A_recal,tz_abs_diff,close
0.0,785,-0.013075456896878486,-0.08165725330182808,0.05715382019212848,0.02165605095541401,opening,A_recal,tz_east_west,open
0.02,102,0.14693944603275363,-0.043573644776684996,0.33465288840603247,0.0,opening,A_recal,tz_east_west,open
0.04,15,-0.11925979073179666,-0.5480195852980427,0.30823469256543046,0.0,opening,A_recal,tz_east_west,open
0.0,1707,-0.08959108764000719,-0.1530812089401599,-0.03052108533230637,0.3450497949619215,opening,A_recal,tz_east_west,close
0.02,1054,-0.05948397329838141,-0.13591557509254598,0.021009192781961207,0.3206831119544592,opening,A_recal,tz_east_west,close
0.04,632,-0.07447303688844388,-0.17712572664859977,0.027688279695573765,0.3212025316455696,opening,A_recal,tz_east_west,close
0.0,715,-0.07407797114320241,-0.14141286655195887,-0.006800840751940025,0.06713286713286713,opening,A_recal,visiting_altitude,open
0.02,0,,,,,opening,A_recal,visiting_altitude,open
0.04,0,,,,,opening,A_recal,visiting_altitude,open
0.0,1689,-0.10578045688387286,-0.16613824494404994,-0.04519272711155011,0.3475429248075784,opening,A_recal,visiting_altitude,close
0.02,1064,-0.053898862378780124,-0.12915902255369877,0.027223956993356162,0.31860902255639095,opening,A_recal,visiting_altitude,close
0.04,623,-0.10284198407119935,-0.2011879468657324,0.0007133340694241066,0.31942215088282505,opening,A_recal,visiting_altitude,close
0.0,672,-0.04872900150099477,-0.11720118545574916,0.01822879984281224,0.002976190476190476,opening,A_recal,after_altitude,open
0.02,26,-0.3391974362689373,-0.635227122015915,-0.024480509876364305,0.0,opening,A_recal,after_altitude,open
0.04,4,-0.2279411764705882,-1.0,0.5441176470588236,0.0,opening,A_recal,after_altitude,open
0.0,1692,-0.09735420612549117,-0.15612771228849584,-0.03442568991123716,0.34278959810874704,opening,A_recal,after_altitude,close
0.02,1036,-0.07231074132100386,-0.15043656062312386,0.011489796232853932,0.31177606177606176,opening,A_recal,after_altitude,close
0.04,601,-0.11972383693454777,-0.21948376670368883,-0.0161874749691339,0.31114808652246256,opening,A_recal,after_altitude,close
0.0,565,-0.07013480635148162,-0.1359297948361209,0.00016571711277543592,0.0,opening,A_recal,road_trip_len,open
0.02,0,,,,,opening,A_recal,road_trip_len,open
0.04,0,,,,,opening,A_recal,road_trip_len,open
0.0,1681,-0.10890060336178017,-0.17041028501578018,-0.048680183339535124,0.3468173706127305,opening,A_recal,road_trip_len,close
0.02,1034,-0.06061043784530104,-0.13814860326239137,0.02254074677871065,0.31237911025145065,opening,A_recal,road_trip_len,close
0.04,599,-0.09875846407067282,-0.1976780269295205,0.00854853957050514,0.31719532554257096,opening,A_recal,road_trip_len,close
0.0,986,-0.03681572511230777,-0.09618125159411169,0.024781113223135944,0.013184584178498986,opening,A_recal,home_stand_len,open
0.02,120,-0.06583940733063816,-0.20466366929023386,0.06762626144230353,0.0,opening,A_recal,home_stand_len,open
0.04,0,,,,,opening,A_recal,home_stand_len,open
0.0,1715,-0.09891210075678947,-0.15916677972630014,-0.03924709094752952,0.33760932944606414,opening,A_recal,home_stand_len,close
0.02,1057,-0.06866213725058283,-0.147395811383944,0.011332301272554142,0.31125827814569534,opening,A_recal,home_stand_len,close
0.04,616,-0.08161716356801121,-0.1807172394869653,0.022821565139370042,0.3133116883116883,opening,A_recal,home_stand_len,close
0.0,781,-0.052503488970335695,-0.12179260839916527,0.018015017808984964,0.002560819462227913,opening,A_recal,three_in_four,open
0.02,135,-0.07064696732245054,-0.2289978783642816,0.09078548624194457,0.0,opening,A_recal,three_in_four,open
0.04,24,-0.13919440232582284,-0.4685600755453697,0.18447104838693948,0.0,opening,A_recal,three_in_four,open
0.0,1686,-0.09183156030829946,-0.1534550845252776,-0.030803926212169794,0.34223013048635825,opening,A_recal,three_in_four,close
0.02,1067,-0.05026879681143702,-0.13317263275257402,0.031662214870602876,0.30927835051546393,opening,A_recal,three_in_four,close
0.04,614,-0.07850191607941316,-0.17908380546175218,0.026731433279877377,0.30944625407166126,opening,A_recal,three_in_four,close
0.0,779,-0.03324766004881138,-0.09907951138669632,0.0317384893087196,0.0,opening,A_recal,four_in_six,open
0.02,0,,,,,opening,A_recal,four_in_six,open
0.04,0,,,,,opening,A_recal,four_in_six,open
0.0,1671,-0.09611705181757828,-0.1578330262397511,-0.033129062451725484,0.34230999401555956,opening,A_recal,four_in_six,close
0.02,1033,-0.05061979404969297,-0.13256517889451708,0.03030763523991532,0.31268151016456924,opening,A_recal,four_in_six,close
0.04,590,-0.10874274161032628,-0.21104253986450544,0.00028788157513623305,0.3169491525423729,opening,A_recal,four_in_six,close
0.0,793,-0.022867153742389207,-0.09360269520895242,0.05060446133146724,0.0,opening,A_recal,b2b_with_travel,open
0.02,69,-0.061220821891714065,-0.3039183258510327,0.18979197625088878,0.0,opening,A_recal,b2b_with_travel,open
0.04,12,-0.20433814551461607,-0.626984126984127,0.22603785103785104,0.0,opening,A_recal,b2b_with_travel,open
0.0,1698,-0.09081226192069625,-0.15317581425632773,-0.027295193003483566,0.3409893992932862,opening,A_recal,b2b_with_travel,close
0.02,1060,-0.07236675814001436,-0.1489340461537259,0.008319530086333779,0.3132075471698113,opening,A_recal,b2b_with_travel,close
0.04,604,-0.10706499398546764,-0.20628821789798288,-0.00120265870215967,0.3079470198675497,opening,A_recal,b2b_with_travel,close
0.0,846,-0.04672885514799056,-0.11958344950400393,0.02345618644932033,0.002364066193853428,opening,A_recal,games_last7,open
0.02,104,0.038908592483186406,-0.1366988632438545,0.21320064960607896,0.0,opening,A_recal,games_last7,open
0.04,2,0.6451612903225805,0.6451612903225805,0.6451612903225805,0.0,opening,A_recal,games_last7,open
0.0,1700,-0.09233755193949919,-0.15104616530390155,-0.03133317573595121,0.3447058823529412,opening,A_recal,games_last7,close
0.02,1070,-0.08587113196157949,-0.162633056391636,-0.0059969993869016976,0.3205607476635514,opening,A_recal,games_last7,close
0.04,608,-0.09395522215735674,-0.1943947296048883,0.011590727547918848,0.3042763157894737,opening,A_recal,games_last7,close
0.0,793,-0.031991536611990216,-0.09850060958087309,0.038380696006753055,0.0,opening,A_recal,travel_7d,open
0.02,60,-0.07119900894524082,-0.2831050814438438,0.14145223011481733,0.0,opening,A_recal,travel_7d,open
0.04,1,0.6896551724137931,0.6896551724137931,0.6896551724137931,0.0,opening,A_recal,travel_7d,open
0.0,1682,-0.09610967270495203,-0.1567864447798791,-0.03394236180177763,0.3436385255648038,opening,A_recal,travel_7d,close
0.02,1057,-0.053824272423972364,-0.13083125622682223,0.02688820939631969,0.3140964995269631,opening,A_recal,travel_7d,close
0.04,617,-0.09033866936268808,-0.19155159346920927,0.012462536013483136,0.3241491085899514,opening,A_recal,travel_7d,close
0.0,567,-0.06672682117230463,-0.13317288846015557,0.0003233957930094201,0.0,opening,A_recal,days_since_home,open
0.02,0,,,,,opening,A_recal,days_since_home,open
0.04,0,,,,,opening,A_recal,days_since_home,open
0.0,1675,-0.10311686194205937,-0.1647212200468465,-0.04078608460241593,0.34626865671641793,opening,A_recal,days_since_home,close
0.02,1038,-0.05342485467776864,-0.13487572850470111,0.03169210852321276,0.31213872832369943,opening,A_recal,days_since_home,close
0.04,601,-0.12261493910249098,-0.22534729732560704,-0.022489927746882823,0.3161397670549085,opening,A_recal,days_since_home,close
0.0,751,-0.020921235050983443,-0.09620292835060551,0.05414499572293101,0.0,opening,A_recal,home_return_from_trip,open
0.02,113,0.005640073920495067,-0.16713350734408416,0.17716760637955975,0.0,opening,A_recal,home_return_from_trip,open
0.04,21,0.038725964786044,-0.37194208781852456,0.4411331220741538,0.0,opening,A_recal,home_return_from_trip,open
0.0,1712,-0.08304999901199425,-0.14362096313329567,-0.022065055049804695,0.3446261682242991,opening,A_recal,home_return_from_trip,close
0.02,1058,-0.056019789669697895,-0.1333406646967374,0.02282772621255006,0.3166351606805293,opening,A_recal,home_return_from_trip,close
0.04,613,-0.1235307890141733,-0.22541862819539435,-0.017884790921007025,0.3181076672104405,opening,A_recal,home_return_from_trip,close
0.0,752,-0.05156850309716626,-0.11903694723625688,0.013842863735273743,0.0,opening,A_recal,body_clock_diff,open
0.02,0,,,,,opening,A_recal,body_clock_diff,open
0.04,0,,,,,opening,A_recal,body_clock_diff,open
0.0,1699,-0.09615842483116245,-0.1534931411549167,-0.03617976067073267,0.34608593290170686,opening,A_recal,body_clock_diff,close
0.02,1053,-0.05674874303558967,-0.13145593982001616,0.022138484062209425,0.315289648622982,opening,A_recal,body_clock_diff,close
0.04,598,-0.09700253843761412,-0.19869617093257616,0.010382220645168918,0.3210702341137124,opening,A_recal,body_clock_diff,close
0.0,573,-0.04461874396019546,-0.11466649206177632,0.025916495147553672,0.0,opening,A_recal,combined_l2,open
0.02,0,,,,,opening,A_recal,combined_l2,open
0.04,0,,,,,opening,A_recal,combined_l2,open
0.0,1679,-0.09606142949736389,-0.15801145684225856,-0.03279739334305217,0.34663490172721856,opening,A_recal,combined_l2,close
0.02,1036,-0.05370827121460366,-0.1320156414172099,0.03093968188134143,0.3079150579150579,opening,A_recal,combined_l2,close
0.04,595,-0.1140143489958408,-0.21348168678575272,-0.009011876392821371,0.31596638655462184,opening,A_recal,combined_l2,close
0.0,890,0.00464287494984628,-0.06563879127995477,0.07434880531094756,0.0,opening,A_recal,combined_l1,open
0.02,41,0.01214203519474958,-0.3229296962253296,0.3552743590587808,0.0,opening,A_recal,combined_l1,open
0.04,1,0.7407407407407407,0.7407407407407407,0.7407407407407407,0.0,opening,A_recal,combined_l1,open
0.0,1683,-0.08232303988382333,-0.14264812769966936,-0.020451121063956326,0.34165181224004754,opening,A_recal,combined_l1,close
0.02,1047,-0.05183346066190754,-0.130138255733199,0.029118125015827258,0.3151862464183381,opening,A_recal,combined_l1,close
0.04,612,-0.07813016501565227,-0.1816405985762872,0.027377675171645403,0.3104575163398693,opening,A_recal,combined_l1,close
0.0,312,-0.07718999429672005,-0.22666454372397685,0.07465130749721961,0.4391025641025641,opening,B_offset,travel_km_diff,open
0.02,53,-0.2767863384944379,-0.5693684672504216,0.023854788641124974,0.4339622641509434,opening,B_offset,travel_km_diff,open
0.04,7,-0.3657635467980295,-1.0,0.5098522167487685,0.42857142857142855,opening,B_offset,travel_km_diff,open
0.0,1716,-0.09652560417731139,-0.15989161581576208,-0.03149121091037309,0.4965034965034965,opening,B_offset,travel_km_diff,close
0.02,1065,-0.08337579621796229,-0.16607679784149637,0.004720992398922848,0.5154929577464789,opening,B_offset,travel_km_diff,close
0.04,612,-0.0954177269490984,-0.20525124038466694,0.018661336959801832,0.5245098039215687,opening,B_offset,travel_km_diff,close
0.0,251,-0.0456993468858521,-0.20803311678379233,0.12658928006544512,0.38645418326693226,opening,B_offset,tz_abs_diff,open
0.02,26,0.3148855565301189,-0.1339028859071962,0.7664897392616227,0.5769230769230769,opening,B_offset,tz_abs_diff,open
0.04,2,-0.15517241379310343,-1.0,0.6896551724137931,0.0,opening,B_offset,tz_abs_diff,open
0.0,1713,-0.08635129181439606,-0.14874090102188425,-0.02233932032176028,0.493286631640397,opening,B_offset,tz_abs_diff,close
0.02,1040,-0.08916618533368803,-0.17392784692192373,-0.0027466878866888164,0.525,opening,B_offset,tz_abs_diff,close
0.04,604,-0.1328354435945278,-0.24138590298870555,-0.020763087658498082,0.5248344370860927,opening,B_offset,tz_abs_diff,close
0.0,274,-0.03391184849742562,-0.20022965140536614,0.14066460035635672,0.4635036496350365,opening,B_offset,tz_east_west,open
0.02,34,-0.09364431915141858,-0.45433229792382934,0.3005039765207108,0.4411764705882353,opening,B_offset,tz_east_west,open
0.04,5,0.32793103448275857,-0.6620689655172414,1.3179310344827586,0.4,opening,B_offset,tz_east_west,open
0.0,1713,-0.09432322467449065,-0.15799587317296648,-0.029490310613027277,0.4973730297723292,opening,B_offset,tz_east_west,close
0.02,1033,-0.07974631248452656,-0.16301380460316173,0.009071789672351224,0.5198451113262342,opening,B_offset,tz_east_west,close
0.04,596,-0.13864597438237128,-0.24528622731144162,-0.024946101796829236,0.5251677852348994,opening,B_offset,tz_east_west,close
0.0,74,-0.1313427875938853,-0.37580823085188314,0.14146369147122922,1.0,opening,B_offset,visiting_altitude,open
0.02,65,-0.17053658095071633,-0.4438768642678542,0.12524021298445887,1.0,opening,B_offset,visiting_altitude,open
0.04,25,-0.37599999999999995,-0.7959999999999999,0.06599999999999998,1.0,opening,B_offset,visiting_altitude,open
0.0,1719,-0.10929276663174455,-0.1699226907137532,-0.042865200804935694,0.49505526468877253,opening,B_offset,visiting_altitude,close
0.02,1027,-0.09100456455418199,-0.17753682249312114,-0.0032383433204191845,0.5102239532619279,opening,B_offset,visiting_altitude,close
0.04,600,-0.11403655754577362,-0.22300627871007866,-0.005256175085989667,0.5183333333333333,opening,B_offset,visiting_altitude,close
0.0,43,-0.4000474247807489,-0.69111440041286,-0.06383057087921638,0.32558139534883723,opening,B_offset,after_altitude,open
0.02,0,,,,,opening,B_offset,after_altitude,open
0.04,0,,,,,opening,B_offset,after_altitude,open
0.0,1695,-0.1105706723159842,-0.1733277546668635,-0.0450620297021375,0.49734513274336284,opening,B_offset,after_altitude,close
0.02,1033,-0.08586382233436596,-0.17276721930568514,7.777367994968749e-05,0.5130687318489835,opening,B_offset,after_altitude,close
0.04,580,-0.12471549695736893,-0.23605060192902058,-0.00933550694398282,0.5189655172413793,opening,B_offset,after_altitude,close
0.0,0,,,,,opening,B_offset,road_trip_len,open
0.02,0,,,,,opening,B_offset,road_trip_len,open
0.04,0,,,,,opening,B_offset,road_trip_len,open
0.0,1699,-0.1078730154148877,-0.17348727448192003,-0.04545997746591406,0.5014714537963508,opening,B_offset,road_trip_len,close
0.02,1017,-0.08787261522226815,-0.17208753657482545,0.0001642587398027421,0.512291052114061,opening,B_offset,road_trip_len,close
0.04,577,-0.10881189679120191,-0.22056209607134356,0.008529102856068779,0.5199306759098787,opening,B_offset,road_trip_len,close
0.0,126,-0.10015214318610889,-0.3543991751589788,0.19558161568413204,0.9603174603174603,opening,B_offset,home_stand_len,open
0.02,12,0.05833333333333335,-0.7916666666666666,1.1083333333333332,1.0,opening,B_offset,home_stand_len,open
0.04,2,-1.0,-1.0,-1.0,1.0,opening,B_offset,home_stand_len,open
0.0,1693,-0.11009379479026989,-0.1744630821021849,-0.04503788943953432,0.4884819846426462,opening,B_offset,home_stand_len,close
0.02,1048,-0.05428457414042204,-0.14371658618487082,0.03151753626337531,0.5085877862595419,opening,B_offset,home_stand_len,close
0.04,593,-0.1639649224536489,-0.27394295105626676,-0.055195351471327925,0.521079258010118,opening,B_offset,home_stand_len,close
0.0,398,-0.12604938527964005,-0.25516482397274515,0.011927528787317818,0.41708542713567837,opening,B_offset,three_in_four,open
0.02,8,0.4625,-0.4125,1.0562500000000001,0.0,opening,B_offset,three_in_four,open
0.04,0,,,,,opening,B_offset,three_in_four,open
0.0,1714,-0.10620792307301602,-0.16942436157068808,-0.04156640439034186,0.4935822637106184,opening,B_offset,three_in_four,close
0.02,1043,-0.03888503440361622,-0.1267843306748456,0.05211520946694935,0.4966442953020134,opening,B_offset,three_in_four,close
0.04,596,-0.1264481244797741,-0.2351753726766438,-0.014431322523512933,0.5285234899328859,opening,B_offset,three_in_four,close
0.0,0,,,,,opening,B_offset,four_in_six,open
0.02,0,,,,,opening,B_offset,four_in_six,open
0.04,0,,,,,opening,B_offset,four_in_six,open
0.0,1694,-0.11285794589116947,-0.17620810394448752,-0.04744846908924244,0.5017709563164109,opening,B_offset,four_in_six,close
0.02,1029,-0.05784796982346154,-0.14579679774871931,0.02827064376042021,0.5053449951409135,opening,B_offset,four_in_six,close
0.04,573,-0.12405893800616515,-0.2389798951840126,-0.008808223523040845,0.5113438045375218,opening,B_offset,four_in_six,close
0.0,322,-0.04107494569049067,-0.19223383696052446,0.10866424944591226,0.7018633540372671,opening,B_offset,b2b_with_travel,open
0.02,16,0.109375,-0.515625,0.7500781250000003,0.0,opening,B_offset,b2b_with_travel,open
0.04,0,,,,,opening,B_offset,b2b_with_travel,open
0.0,1691,-0.10201921358795368,-0.16798938665859783,-0.03602566807115586,0.488468361916026,opening,B_offset,b2b_with_travel,close
0.02,1011,-0.10294359671703471,-0.18957293871589626,-0.013480007011635601,0.5024727992087042,opening,B_offset,b2b_with_travel,close
0.04,583,-0.11776982460492645,-0.225498156854979,-0.004784057705231606,0.5334476843910806,opening,B_offset,b2b_with_travel,close
0.0,501,-0.015450779048695136,-0.14983648509231504,0.12399023068034559,0.36327345309381237,opening,B_offset,games_last7,open
0.02,1,1.4,1.4,1.4,1.0,opening,B_offset,games_last7,open
0.04,0,,,,,opening,B_offset,games_last7,open
0.0,1720,-0.09107807183254987,-0.15168737084081316,-0.02585291047138787,0.49709302325581395,opening,B_offset,games_last7,close
0.02,1050,-0.0884705490971711,-0.16946334290771875,-0.004603203021199595,0.5095238095238095,opening,B_offset,games_last7,close
0.04,576,-0.13862886095181967,-0.24941622082746442,-0.029261340132123885,0.5364583333333334,opening,B_offset,games_last7,close
0.0,126,-0.06461546699177882,-0.33542275588396275,0.2384097385830894,0.3888888888888889,opening,B_offset,travel_7d,open
0.02,3,0.2965517241379311,-1.0,1.2000000000000002,0.0,opening,B_offset,travel_7d,open
0.04,0,,,,,opening,B_offset,travel_7d,open
0.0,1706,-0.1098289935856084,-0.17249700674914906,-0.044710254151034697,0.49413833528722156,opening,B_offset,travel_7d,close
0.02,1029,-0.05858752951814843,-0.14592166735122422,0.028649885673403472,0.5150631681243926,opening,B_offset,travel_7d,close
0.04,581,-0.12355841626717602,-0.23517750340542964,-0.009918217098030539,0.5283993115318416,opening,B_offset,travel_7d,close
0.0,0,,,,,opening,B_offset,days_since_home,open
0.02,0,,,,,opening,B_offset,days_since_home,open
0.04,0,,,,,opening,B_offset,days_since_home,open
0.0,1698,-0.11119007077523058,-0.17545725318739502,-0.04426253755260249,0.5047114252061249,opening,B_offset,days_since_home,close
0.02,1030,-0.08018277238706656,-0.16659778447575735,0.007891843399347339,0.5145631067961165,opening,B_offset,days_since_home,close
0.04,578,-0.09046614650470318,-0.20377554739904302,0.028088795148090998,0.5207612456747405,opening,B_offset,days_since_home,close
0.0,193,0.05601129223935089,-0.1614777115248585,0.2817393467399614,0.0,opening,B_offset,home_return_from_trip,open
0.02,24,-0.058719135802469125,-0.5583333333333333,0.5117283950617283,0.0,opening,B_offset,home_return_from_trip,open
0.04,0,,,,,opening,B_offset,home_return_from_trip,open
0.0,1679,-0.11133859074866903,-0.17473255612338656,-0.04309811282987242,0.49672424061941634,opening,B_offset,home_return_from_trip,close
0.02,1037,-0.050849913918790256,-0.1398368666485628,0.03583727830712041,0.5188042430086789,opening,B_offset,home_return_from_trip,close
0.04,597,-0.15387689387193973,-0.26149366779788663,-0.038791081330806644,0.5209380234505863,opening,B_offset,home_return_from_trip,close
0.0,17,-0.02352941176470585,-1.0,1.1058823529411765,0.23529411764705882,opening,B_offset,body_clock_diff,open
0.02,0,,,,,opening,B_offset,body_clock_diff,open
0.04,0,,,,,opening,B_offset,body_clock_diff,open
0.0,1703,-0.1122529863479182,-0.1759035058405106,-0.0458403480342691,0.4997064004697592,opening,B_offset,body_clock_diff,close
0.02,1044,-0.08432114651264916,-0.1668308124692773,0.0015690552356731743,0.5191570881226054,opening,B_offset,body_clock_diff,close
0.04,583,-0.09622055453375357,-0.21138277662761973,0.01737771781280757,0.5283018867924528,opening,B_offset,body_clock_diff,close
0.0,0,,,,,opening,B_offset,combined_l2,open
0.02,0,,,,,opening,B_offset,combined_l2,open
0.04,0,,,,,opening,B_offset,combined_l2,open
0.0,1693,-0.10735249321027167,-0.1722791385202548,-0.04115411746903208,0.5026580035440047,opening,B_offset,combined_l2,close
0.02,1019,-0.08118895006562844,-0.16752049145898923,0.005363928086234669,0.5171736997055937,opening,B_offset,combined_l2,close
0.04,578,-0.10551393032411327,-0.2229350034819358,0.010786216184125128,0.5224913494809689,opening,B_offset,combined_l2,close
0.0,142,-0.017855703453159153,-0.28723151241500844,0.2672505985188856,0.11267605633802817,opening,B_offset,combined_l1,open
0.02,1,0.7407407407407407,0.7407407407407407,0.7407407407407407,0.0,opening,B_offset,combined_l1,open
0.04,0,,,,,opening,B_offset,combined_l1,open
0.0,1692,-0.10813255528683886,-0.17018466784503136,-0.0407426351525464,0.5023640661938534,opening,B_offset,combined_l1,close
0.02,1037,-0.059617577632787896,-0.1467450234372759,0.025811791156907706,0.5072324011571842,opening,B_offset,combined_l1,close
0.04,584,-0.10292778968552267,-0.2157081044351982,0.015250340081917807,0.5154109589041096,opening,B_offset,combined_l1,close
0.0,365,0.0008623996416411991,-0.16595107033541331,0.17252364321684752,0.10410958904109589,opening,B_offset,combined_gbm,open
0.02,39,0.06713952713952716,-0.34338949938949914,0.49177666777666784,0.0,opening,B_offset,combined_gbm,open
0.04,0,,,,,opening,B_offset,combined_gbm,open
0.0,1747,-0.10760585855407355,-0.16979469440019548,-0.04062193563177705,0.4619347452776188,opening,B_offset,combined_gbm,close
0.02,1059,-0.07751266707366762,-0.16179839587029318,0.009045932673667292,0.45325779036827196,opening,B_offset,combined_gbm,close
0.04,615,-0.08175278800429822,-0.19610886530993343,0.03133517739495728,0.46016260162601624,opening,B_offset,combined_gbm,close
