feature,nonzero_share,alone_coef_sd,alone_z,beyond_close_coef_sd,beyond_close_z,margin_pts_sd,margin_t,ats_pts_sd,ats_t
travel_km_diff,0.8921779141104295,0.024519389589343833,0.98382495470994,0.054402479039256234,1.9962846722663081,0.005847489905967914,0.030556334182426207,0.19812036368639216,1.1823090822045794
tz_abs_diff,0.45521472392638035,0.02461477999421319,0.9874721869817894,0.05759625429987596,2.1095179877345065,0.11325016571171295,0.5929597178266603,0.31528869177239277,1.9152009381199824
tz_east_west[east],0.2679447852760736,-0.0033517366058055022,-0.13348218897977493,0.0361277244604387,1.3069910599358332,0.2158807753482991,1.1193190020424548,0.4968096740443758,3.0246042651592413
tz_east_west[west],0.23788343558282207,0.04171290804234643,1.657336239855379,0.05112198236111248,1.8630461169858572,-0.051484556281911814,-0.2722669852444283,-0.03418837192278184,-0.20680109661958035
visiting_altitude,0.06441717791411043,0.04215986632814117,1.672327008519367,0.016502853271311273,0.5910345345498993,0.2960557714982238,1.5711008578826071,0.07097481404054298,0.42655791073042026
after_altitude,0.04371165644171779,-0.01358823228362177,-0.5450981338799398,-0.016122685446097223,-0.5848404394469258,0.05732388653856002,0.29079889565856026,0.07389685083939859,0.4127676568013272
road_trip_len,0.9996932515337423,0.008463888750411682,0.3393366564489826,-0.013009728981691962,-0.47237180642428184,0.31540867939426104,1.640607558710981,0.15961710851654984,0.9580721892405047
home_stand_len,0.9992331288343558,0.03392649092722849,1.3564587454876558,0.047751988553901115,1.7300796026829197,0.049544301989209075,0.26042564231194154,0.08720259744914821,0.5195846599552059
three_in_four,0.3200920245398773,0.08752255590553502,3.500947668596303,0.015447244086325472,0.5593556886378488,0.9220316310358998,4.799685011820044,0.25270792607976666,1.5305450504984908
four_in_six,0.3486196319018405,0.060828040954891305,2.437205632660719,0.006112515276290107,0.22153578341773025,0.7224988327271202,3.848381132924626,0.21898229770373684,1.3543263866699609
b2b_with_travel,0.18496932515337422,0.08317851039867262,3.3122577126406423,0.009180604138205782,0.33109809651956484,0.727158414520192,3.753193768632819,0.03573088344046222,0.21160265191144648
games_last7,0.47638036809815953,0.10218523606028947,4.078936563334705,0.036183492578853074,1.3085164705128784,0.9573616351290131,4.939486687832992,0.3179763043879072,1.8934075875177203
travel_7d,0.9705521472392638,0.03879403141884528,1.5555897154067133,0.06585564415426533,2.4058328402895004,0.15427347011718567,0.8004918654589911,0.2972438465318255,1.7537999125432104
days_since_home,0.9998466257668711,-0.005943381919983421,-0.23855714235061143,-0.022774485709296674,-0.8285226550316798,0.2042532723333583,1.0489555093168947,0.11235966636855792,0.66808558432772
home_return_from_trip,0.4358895705521472,-0.04223920872152299,-1.6990734160243608,-0.06549534373733908,-2.40240471077938,-0.2768973721122689,-1.4476390271822532,-0.38996903959395113,-2.3389851937979143
body_clock_diff,0.6164110429447853,0.05049731162980048,2.0240838770155922,-0.0098006600899639,-0.35855914390180926,-0.006614127120745446,-0.034664933444731955,-0.4926846152200641,-2.8876201225063083
