feature,move_logit_per_sd,t
travel_km_diff,0.0013482106540997408,0.30519012432333587
tz_abs_diff,0.0014450850071081208,0.32463045478051594
tz_east_west[east],-0.0027030821958806232,-0.5817000348168534
tz_east_west[west],0.005199788761226918,1.1975843614199162
visiting_altitude,-0.010511897448024108,-1.9117181562404073
after_altitude,0.0064844134817529184,1.3414145857019555
road_trip_len,0.0028550345368855007,0.6338526570780556
home_stand_len,0.00584214152424687,1.2712825349887216
three_in_four,0.014455613811155997,2.9383437400456462
four_in_six,0.007953697989841555,1.6319635723153618
b2b_with_travel,0.024778064267867893,5.004745310661701
games_last7,0.012957976600101251,2.77800991143077
travel_7d,0.004251369251905209,0.9520787846864993
days_since_home,0.002012146084553298,0.4403627907384006
home_return_from_trip,-0.004335873982299201,-0.9524276098088278
body_clock_diff,0.005738109618056485,1.2880558968076654
