d_ll,roi_0.00,roi_0.02,roi_0.04
-0.003074460565304804,0.053738412565122906,0.08636358228586047,0.16063840792245587
-0.003467275589542851,0.06837522575667625,0.09491465312270815,0.1121613896746797
-0.0027383386301559343,0.040132893344964414,0.07795669859448083,0.18088750707699358
-0.002135570601736858,0.02235853534299321,0.14037243199846458,0.2591528106871487
-0.0027952478537512926,0.027716003440882736,0.1201722800318057,0.10957499304302273
-0.006310820773079651,0.046171370414064425,0.106121315617696,0.2010238578506173
-0.0026787903046938677,0.038409168649343066,0.05587121362224444,0.04143095412999901
-0.0021142334713613042,0.03160917001689736,0.10196502382459223,0.0835499385126693
-0.002353315331509842,0.058140440245035924,0.0495604101541464,0.21915207758919447
-0.0035692093928859636,0.017974938117398174,0.13393774201272435,0.21743871500045606
-0.0034036622023303487,0.04862045326688345,0.09622166021331037,0.08603261332783783
-0.0029344106870710096,0.05420152515811967,0.137255013864839,0.16031277761157714
-0.0034993196355486145,0.04676036290240459,0.09040596671420283,0.1309897802214153
-0.002365871071291825,0.025795333860609514,0.09549801230255753,0.2283815475882434
-0.0038848290995266987,0.05429035927946291,0.051090834347694805,0.045732799402222
-0.0032355192563437996,0.05129198344743882,0.09252179839230211,0.12869034506590643
-0.0026604434567947255,0.056337746900851214,0.12281124770645427,0.15719292044850053
-0.0037935174230184776,0.013987042256991773,0.10923349690285578,0.1769893335780425
-0.0022188169789669754,0.04846485979135774,0.11477986735968389,0.18320126688111601
-0.0027815766492019778,0.03812679855035557,0.11677614858373368,0.10795017392844089
-0.0041777932392256245,0.05403191487429867,0.11676042615470378,0.15448306991836727
-0.0036447794891707463,0.07001432088733862,0.0938149726855395,0.09076035375022763
-0.0026683323038474427,0.015354243101264197,0.16536731970697086,0.2645228377112494
-0.0018659615527959472,0.03937489602017045,0.05442005569280108,0.17254503502450622
-0.0033777426917732667,0.049940420572274276,0.10415988936730022,0.14596127136100423
-0.0036581522298377855,0.0783476530559789,0.11205759205657648,0.13949572221855808
-0.002331841161881232,0.04561933152032451,0.05535740992381686,0.13831210737144012
-0.0021166315763355703,0.03696667799281342,0.07740310791670957,0.10919158238679796
-0.004699795296760678,0.06716299308363505,0.10529783834172352,0.12764343779477166
-0.0026648275048245518,0.03661658687671658,0.12009561022561631,0.13536947369963523
-0.0037003790939342807,0.035757381714492276,0.12600802377856657,0.24037484789839594
-0.0027683300078791273,0.03003069981386688,0.09111451867207372,0.1792800095492023
-0.003894109083839692,0.05403960905849059,0.1387425464984137,0.12217305496893875
-0.0025966341674455995,0.04237702106191604,0.11297899007120507,0.22627831925750358
-0.0021529368802919446,0.021717703888700753,0.050958640461404386,0.10956641324039418
-0.0029729374436195943,0.04727514030600412,0.07787501302142841,0.1547840404167777
-0.004361075405278414,0.0496299507101535,0.12079962694266776,0.15754146288197818
-0.002536786920400713,0.041666714323748924,0.12316584390393298,0.08566946283925488
-0.0032777784451659686,0.03445348895067498,0.0776058884280574,0.20656330469694925
-0.0027133941989770927,0.024601150371570228,0.07104228201988406,0.15870705082289166
