variant,delta,ci95_lo,ci95_hi,2022-23,2023-24,2024-25,2025-26
travel_km_diff,0.00029797025671280433,-0.0007076674408518877,0.0013036079542774962,0.002049804668531534,-0.000712438655322637,0.0008844819989226129,-0.0009502968747250323
tz_abs_diff,-0.000323648991506112,-0.0007824575721933631,0.00013515958918113897,-1.7451291851574794e-05,-0.00030942296732521077,0.00011280329466779584,-0.0010668725350983994
tz_east_west,-0.00022425267379571714,-0.0007718437484619665,0.00032333840087053224,-3.4908486034929526e-05,-0.00018378913218842135,0.0004504397771781642,-0.0011206412674843894
visiting_altitude,0.00048192791448095504,-3.6653753851753526e-05,0.0010005095828136636,0.0015502167470537777,0.00010173100494644166,0.00034560073450319427,-2.0849490504384254e-05
after_altitude,0.0005009767145610271,-0.0004830507076473544,0.0014850041367694086,3.9095998627337904e-05,0.0003659633544223424,0.0009577443115662233,0.0006195982200258421
road_trip_len,0.00025629850162067904,-0.0003473852957264867,0.0008599822989678449,0.0006254413928359479,0.00010518968353724208,0.00039297443500342346,-8.163427779040634e-05
home_stand_len,-5.6346092012283594e-05,-0.0009074717144318391,0.0007947795304072718,-0.0004613704387669014,-0.0002708300067267584,0.00031862696635907427,0.00016935223487905387
three_in_four,7.85091468272607e-06,-0.00025484151014512006,0.00027054333951057215,-4.020400189145435e-05,-0.0001966700147871133,0.00029708716078885974,-3.1244380456397785e-05
four_in_six,7.725230845206127e-05,-0.00016856472159582116,0.0003230693384999437,0.0002489424764173652,2.474454011252596e-06,6.545704575606038e-05,-9.920804192677818e-19
b2b_with_travel,0.0001283999140622924,-0.00039953794627942206,0.0006563377744040069,-0.00017180109054759703,-0.00019473078395756827,3.921567568118084e-05,0.000827254031527588
games_last7,-6.653118450573697e-05,-0.0005897762601937381,0.00045671389118226414,2.149143747420864e-05,-9.816566513090134e-05,-0.0004058080296377515,0.00022066188501986973
travel_7d,0.00016634282235451268,-0.0010852549482652314,0.0014179405929742568,0.002055621702262911,8.309340119620865e-05,-0.0002135236245410834,-0.0011730722452828564
days_since_home,0.0003956201852573681,-0.00034408940348054976,0.0011353297739952859,0.0013064343529930232,0.00015945595553232102,0.00030575756466180617,-0.00014742247855163883
home_return_from_trip,-0.0003669988487977635,-0.0011822177375457785,0.0004482200399502515,-0.0008397032483117892,-0.00046867939893653973,0.0005382018689007743,-0.000720181158584091
body_clock_diff,0.0001387225822061911,-0.00017889694168870125,0.0004563421061010835,0.00042801291822910833,9.260259140740755e-05,-5.527189457155815e-07,4.8176830714385106e-05
combined_l2,0.0005552411926602028,-0.0009910068374970815,0.0021014892228174873,0.002803727964629507,-0.0008119729614801607,0.0005464499554024436,-0.00021436106171200998
combined_l1,0.0007088542719043595,-0.0008315988051667606,0.0022493073489754795,0.003353742487015355,-8.885184636640053e-05,-0.00025542349184501763,-5.225429500188684e-05
