spec,variant,logloss,delta,ci95_lo,ci95_hi,ciBonf_lo,ciBonf_hi,z,2024-25,2025-26,n_neg_seasons,survives
A_recal,market_recal,0.5926566025152951,0.0006139893474359386,-0.0010636372152016086,0.0023419984451582476,-0.0020646658802388283,0.0032435853756011606,0.7065345741849243,0.0008736281714849159,0.000354350523386961,0,
A_recal,travel_km_diff,0.5930089628941898,0.0009663497263306758,-0.0011339433244948272,0.003069815909953567,-0.002385023656546514,0.004255939526955706,0.9248337250720596,0.002177568146145294,-0.0002448686934839425,1,False
A_recal,tz_abs_diff,0.592249089030996,0.00020647586313692298,-0.0017433933134412304,0.0021016456610656884,-0.0029303824285122743,0.003338069903709903,0.2082038893191391,0.0012155816383808177,-0.0008026299121069716,1,False
A_recal,tz_east_west,0.5924076112796879,0.0003649981118287388,-0.001599048392792431,0.0023275355160834415,-0.0026893319418868807,0.0035177300878518427,0.36516302149920005,0.001386643483978857,-0.0006566472603213791,1,False
A_recal,visiting_altitude,0.5929885074283178,0.0009458942604585506,-0.0008845669926652012,0.002691480060404529,-0.0018978435522395514,0.003841325396415647,1.0321742888027388,0.0015527677486669195,0.0003390207722501823,0,False
A_recal,after_altitude,0.5927787673568969,0.0007361541890377854,-0.0010005652604739533,0.0025478274130204767,-0.0020259648942073443,0.00346867654020291,0.8179750860758399,0.0012473384280823501,0.00022496994999322042,0,False
A_recal,road_trip_len,0.5927143477912002,0.0006717346233411011,-0.0010259444691718782,0.0024012139811580508,-0.0019697559345565707,0.0032981068881633244,0.7717044236054269,0.0009342898918979916,0.00040917935478421055,0,False
A_recal,home_stand_len,0.5928043429080383,0.0007617297401792105,-0.001211608560134527,0.0026765704136572834,-0.0023694739556785784,0.003890202750722335,0.7751195371911698,0.0011598221677032363,0.00036363731265518466,0,False
A_recal,three_in_four,0.5929358761858184,0.0008932630179593003,-0.00109878058439453,0.0029193721599920118,-0.0022952685128342135,0.003843903816162584,0.8906380459437383,0.001520775601906954,0.0002657504340116464,0,False
A_recal,four_in_six,0.5925985652509217,0.0005559520830626111,-0.0011467968168596496,0.0022805875444579173,-0.0020547292533224792,0.003288570548049061,0.6344453936656137,0.000870743501982541,0.00024116066414268128,0,False
A_recal,b2b_with_travel,0.5929714536743274,0.0009288405064682328,-0.0009874167868174962,0.002867171866009159,-0.002200393032310391,0.0038591367311900477,0.9546155589884998,0.0006457496751512329,0.0012119313377852328,0,False
A_recal,games_last7,0.5924402711459628,0.0003976579781035595,-0.001465943558009787,0.002297892788836316,-0.0023876839568511433,0.003387696833106095,0.4114745679236441,0.000459678312976401,0.00033563764323071816,0,False
A_recal,travel_7d,0.5922030216643408,0.0001604084964816192,-0.0017422778091648282,0.0019951220405076014,-0.002922766000925279,0.0030503041566454967,0.1737706216284164,0.00073661205012873,-0.0004157950571654914,1,False
A_recal,days_since_home,0.5926330259046747,0.0005904127368156611,-0.0010863031226888916,0.0022791656804789463,-0.0020207575573541183,0.0032290663671733343,0.6805129545186963,0.0008687315415867087,0.0003120939320446135,0,False
A_recal,home_return_from_trip,0.5924657136305878,0.0004231004627286514,-0.0014544672401788149,0.0022887981118022457,-0.0025537276493851116,0.0034819940523098383,0.44860818971106264,0.0010659175097846077,-0.00021971658432730498,1,False
A_recal,body_clock_diff,0.5927130655640973,0.0006704523962381548,-0.0010601157906959097,0.002400627571965251,-0.001998680201258175,0.0033640562723135274,0.7712223030228316,0.0008023588034367906,0.0005385459890395189,0,False
A_recal,combined_l2,0.5926287118024185,0.0005860986345593662,-0.001085809747066525,0.0023054042653299256,-0.0020907094170366275,0.0032117372121023315,0.6748410196784063,0.0008643494100525356,0.00030784785906619674,0,False
A_recal,combined_l1,0.5924404381040755,0.0003978249362164477,-0.0014301052066050487,0.002262467175581701,-0.0023351488262816737,0.0032571160239771154,0.43099455372876194,0.0008736820633410946,-7.803219090819866e-05,1,False
B_offset,travel_km_diff,0.5923250606746733,0.0002824475068141611,-0.0006979822341933932,0.0013105073251043022,-0.0012540281734412199,0.001953833733019473,0.554761229043577,0.001138240950021582,-0.0005733459363932599,1,False
B_offset,tz_abs_diff,0.5916462504922563,-0.0003963626756028934,-0.001237081111728098,0.0004083199981663195,-0.0018281754492676945,0.0008909308677333229,-0.9314868548224053,0.0003172370366751418,-0.0011099623878809287,1,False
B_offset,tz_east_west,0.5918324433445201,-0.00021016982333899167,-0.0010949630128918202,0.0006630231175782716,-0.0017149197025963807,0.0012025660064602268,-0.46598639516076457,0.0005711628201843676,-0.000991502466862351,1,False
B_offset,visiting_altitude,0.592505331851945,0.00046271868408582356,-0.0003426188237556215,0.0012338692912462518,-0.000773515280357615,0.001673051029336973,1.1566606717590833,0.0009390501679317395,-1.361279976009206e-05,1,False
B_offset,after_altitude,0.5921175335551726,7.49203873134649e-05,-0.00022453104543534793,0.00038664941430246547,-0.00042677341117752717,0.0006203037096980778,0.4761276757085327,0.000270468885039005,-0.00012062811041207515,1,False
B_offset,road_trip_len,0.5921025340827492,5.9920914890022345e-05,-0.0001023772084521534,0.00022416558731267353,-0.00021702488458501918,0.00029510956765137127,0.7230487037442723,6.465537415848346e-05,5.5186455621561235e-05,0,False
B_offset,home_stand_len,0.5921172186408628,7.460547300366428e-05,-0.000663809642565694,0.0008508004335070434,-0.0011402485197183638,0.0013286130891334374,0.19114978788034453,0.00017123715092876707,-2.20262049214385e-05,1,False
B_offset,three_in_four,0.5923499839831636,0.00030737081530459126,-0.0007222968084719675,0.0013153796753088763,-0.0012556787821335247,0.0019058678693077986,0.5932880480693079,0.0007290587588610298,-0.00011431712825184715,1,False
B_offset,four_in_six,0.5919615697627287,-8.104340513047489e-05,-0.0003549572559250906,0.00018457487207098537,-0.00054046844519974,0.00032965727329092875,-0.585625679545651,-4.2817345071461226e-05,-0.00011926946518948863,2,False
B_offset,b2b_with_travel,0.5923756718448855,0.0003330586770263934,-0.0005896031682091333,0.0012585481060043405,-0.0011503844131451452,0.0018830948690120503,0.6939810272153597,-0.00021587448555830812,0.0008819918396110948,1,False
B_offset,games_last7,0.5918337842897634,-0.0002088288780957907,-0.0011055896990325566,0.0007029636225666001,-0.0017231742835594026,0.0013690226965285914,-0.4405806492973788,-0.00041419483740547016,-3.4629187861113235e-06,2,False
B_offset,travel_7d,0.5915982032124102,-0.00044440995544893535,-0.001057881855784192,0.00016083083067512633,-0.0014548103549582613,0.0005095594850467459,-1.465554468086636,-0.00014529322797882162,-0.000743526682919049,2,False
B_offset,days_since_home,0.592027792694536,-1.4820473323216891e-05,-9.21225474262485e-05,6.11907850029572e-05,-0.00013717800897710355,0.00011696503209563771,-0.3757992824303056,1.1747342257629193e-06,-3.08156808721967e-05,1,False
B_offset,home_return_from_trip,0.5918640765965827,-0.00017853657127647158,-0.0009137201077054911,0.0005777071673699333,-0.001476438081223407,0.0011162288747861191,-0.4644720656234393,0.00020201427680599008,-0.0005590874193589331,1,False
B_offset,body_clock_diff,0.592124264266709,8.165109884988701e-05,-0.0003158561244183571,0.0005028520431223107,-0.0005321836360203588,0.0007641328086250757,0.38798092593287054,-7.452995782852897e-05,0.00023783215552830304,1,False
B_offset,combined_l2,0.5920158496233285,-2.676354453052107e-05,-8.432087012831916e-05,3.011863596189175e-05,-0.0001297174796361319,5.9700349260435806e-05,-0.8837133475772979,-8.106512162223888e-06,-4.5420576898818256e-05,2,False
B_offset,combined_l1,0.5918175045027864,-0.00022510866507276516,-0.0008043860103998832,0.0003670565884249589,-0.0013200100030926428,0.000684279676519379,-0.7244896306495053,-1.948441510212558e-08,-0.0004501978457304281,2,False
B_offset,combined_gbm,0.591441652197221,-0.0006009609706379987,-0.0015491749679448909,0.00030505787410034307,-0.002081929760456393,0.000834830432759321,-1.2838498680579198,1.4774831126190295e-18,-0.0012019219412759989,1,False
