spec,variant,logloss,delta,ci95_lo,ci95_hi,ciBonf_lo,ciBonf_hi,z,2022-23,2023-24,2024-25,2025-26,n_neg_seasons,delta_2023_26,survives
A_recal,market_recal,0.5922838848293062,0.0007238639175140154,3.749151496663789e-05,0.0013692541424639567,-0.00034189423905034455,0.0017595324191196683,2.1682810344643997,0.002649347178677058,0.0005821130777556062,-0.0001949884373556914,-5.348478540835889e-05,2,0.00011085491376981965,
A_recal,travel_km_diff,0.5925490101948945,0.0009889892831022042,-0.0001265651281191716,0.0020834469241453255,-0.0007116289641011776,0.0028161366038732556,1.817288976898709,0.004415617683721332,-4.919694343724495e-05,0.0006110158579715336,-0.0008674998876281514,2,-0.00010193376174229266,False
A_recal,tz_abs_diff,0.592038738242331,0.00047871733053891674,-0.00028675444192666644,0.0012001591717397497,-0.0007075170653196049,0.0016422448754002225,1.282480181195567,0.002669701355203344,0.00036926913133899207,-5.6707868851072365e-05,-0.0009676741344083993,2,-0.0002188181719861612,False
A_recal,tz_east_west,0.5921955120805006,0.0006354911687083162,-0.00015885205662296716,0.001417572514592507,-0.0006730935713826572,0.0019496718737118128,1.5749797190686767,0.002700310489239511,0.000582538329544351,0.00035939132778626333,-0.0010061839883038716,1,-2.1877742318230997e-05,False
A_recal,visiting_altitude,0.5930162075967575,0.0014561866849652975,0.0005372405315741842,0.002361733837312144,6.726876521254424e-05,0.002882478034706156,3.13025730182342,0.0056656115216978135,0.00048674612041152963,-4.263931194263847e-05,-9.511823022164381e-05,2,0.00011604762608673154,False
A_recal,after_altitude,0.5928395756728214,0.001279554761029173,0.00014181009860575174,0.0024262583913650694,-0.0006312422701594258,0.003129029751982848,2.1682536812529505,0.0034947817904228897,0.0006285360512506687,0.0005585447190215178,0.0005359462671739261,0,0.0005743011025083424,False
A_recal,road_trip_len,0.592491275769074,0.00093125485728187,0.00010541414347853499,0.0017080135563772602,-0.00042642201966090347,0.0022179600095764648,2.321902269168066,0.0034165686613134884,0.0005350703749906544,-1.2986293423066539e-05,-0.00010113880820605065,2,0.00014001466853004815,False
A_recal,home_stand_len,0.5922706029843963,0.0007105820726040976,-0.0004815362045097202,0.0019358380176841704,-0.0012015633167047478,0.002680319117267965,1.1772474563386965,0.001913589729975597,0.00047733340163016443,0.00040541654422446977,0.00010034657156666691,0,0.0003275849620000305,False
A_recal,three_in_four,0.5922993747396629,0.000739353827870766,2.435928974129375e-05,0.0014368556374365358,-0.0004472525336287558,0.0017710131265377624,2.0682981565113927,0.002594309841516406,0.0004284372164181583,8.664672477949897e-05,-6.80510104063754e-05,1,0.00014879832378013227,False
A_recal,four_in_six,0.5923894839554623,0.0008294630436701293,8.367522014801295e-05,0.0015357130425493275,-0.00036419247758881485,0.0019911108578067756,2.280461112548985,0.003042763075427305,0.0005684020115282105,-0.00013297322396919024,-5.994819111264839e-05,2,0.00012482287627914624,False
A_recal,b2b_with_travel,0.5924173858493725,0.0008573649375803293,1.3933895182801704e-05,0.0016724133406468427,-0.000646084768013206,0.0022148725085718492,2.0633523828522793,0.0024278404474630286,0.0005610968066016474,-0.0001660824683797746,0.0006775857450166642,1,0.0003573784421712002,False
A_recal,games_last7,0.5921734933468376,0.0006134724350453395,-0.00022758398870278046,0.0014201941529320122,-0.0007419316229702454,0.0018900335600735149,1.4584714390599778,0.002473878724486081,0.00043544667481081224,-0.000378183894425748,7.227550964768946e-06,1,2.118174675306904e-05,False
A_recal,travel_7d,0.5924801748987336,0.0009201539869413509,-0.00029177898598443334,0.0021327387597640845,-0.001007825613330113,0.0029481555848561857,1.4621640655111514,0.004613084367827394,0.0004911440256011164,-0.00023391401061066504,-0.0010221784403991025,2,-0.0002555506371103957,False
A_recal,days_since_home,0.5925130726624971,0.000953051750704834,0.0001062090342130306,0.0017522633129421626,-0.0004299478743474196,0.0022429371037110115,2.298472874489078,0.0037285571009889633,0.0005548241656634878,-0.00016207588815598452,-0.00018336785228403326,2,6.942434973918647e-05,False
A_recal,home_return_from_trip,0.5919103618172593,0.00035034090546703906,-0.0007347464596033559,0.0014170068968811023,-0.0014082663470613257,0.0019271136012426787,0.6479988821849806,0.001792169595198325,9.15993957932699e-05,0.0005549424098824286,-0.0009721512034508427,1,-0.00010868877632209401,False
A_recal,body_clock_diff,0.592406200347302,0.0008461794355098584,5.7093450332721e-05,0.0015843300203305126,-0.00040753105665972963,0.002091625576905925,2.255428665679731,0.0031386023361613586,0.000580860720746313,-0.0001497079759384008,-8.104538615812752e-05,2,0.000116349212192346,False
A_recal,combined_l2,0.5932177879430114,0.001657767031219093,0.00020427642028684567,0.0030983630849153896,-0.0006074084975121154,0.0038206482398670054,2.2317698542814717,0.006825486637401299,0.0004899628192279421,4.5010327393400175e-05,-0.0004962663635303297,1,1.2539201244799118e-05,False
A_recal,combined_l1,0.5931796536520754,0.0016196327402831828,0.0001857434388758024,0.00299741519528275,-0.0006657510294547087,0.003941857382406145,2.268056010460058,0.006627861654979215,0.0005115496776772117,-0.00011192935894613268,-0.00032296661281030445,2,2.518137347863685e-05,False
B_offset,travel_km_diff,0.5917553125875826,0.0001952916757903899,-0.0005732855248971676,0.0009921144333984399,-0.001027677310432186,0.0016225608299842804,0.48808812297873155,0.0014445385145622457,-0.0006118612150645946,0.0007931469913371073,-0.0007894991453509579,2,-0.00020242643244367363,False
B_offset,tz_abs_diff,0.5913174621596762,-0.00024255875211614354,-0.0005329215940242473,5.508269907496118e-05,-0.0006925366030777328,0.00021108403327466213,-1.5933900069816669,-2.046096818553249e-05,-0.00020813304503262573,0.0001439970905343823,-0.0008754258088552563,3,-0.000313267204382231,False
B_offset,tz_east_west,0.5914626308308946,-9.739008089762355e-05,-0.0005258385031799513,0.00033361506129131094,-0.0007401660335093708,0.0006210260785683264,-0.4429495002680803,-7.848700693175888e-07,-4.161219986291394e-05,0.0005784051190481824,-0.0009210332804685724,3,-0.00012814592554235307,False
B_offset,visiting_altitude,0.592131098070896,0.0005710771591038445,2.470911117657121e-05,0.0011120938530368336,-0.00026907094222289514,0.0014466095799755287,2.0090813616962238,0.0023216085045177242,-9.837331107179109e-05,0.00018226766450531184,-4.284933232346786e-05,2,1.3766951469542074e-05,False
B_offset,after_altitude,0.5920813390124466,0.0005213181006543345,-0.0003898031268308062,0.0014406107644007807,-0.0009991919263931783,0.001983854379775865,1.1112995427639112,0.0006769127508246453,0.0001097378397479018,0.0007236028892873301,0.0005811793320559398,0,0.00047178200578783534,False
B_offset,road_trip_len,0.5917396485781853,0.00017962766639308784,-0.0002425327287286548,0.0006078973253347866,-0.0004907157999811895,0.0008258699004616626,0.8411807969453744,0.0006192805174051818,-2.6170289729388652e-05,0.0001840292484815428,-3.9038105495738896e-05,2,3.9657009868435865e-05,False
B_offset,home_stand_len,0.591533035974469,-2.6984937323201482e-05,-0.0010098002431054127,0.0009927124912737385,-0.0015966536762584253,0.001544932624758593,-0.05391526855400742,-0.0007134227112699849,-0.00017526715012032703,0.0006045706603357116,0.00014452081063997068,2,0.00019155372485417382,False
B_offset,three_in_four,0.5915625114535176,2.490541725440991e-06,-0.000258532823890007,0.0002549257993381314,-0.0003991022734790678,0.00041529261857622263,0.018584156401884495,-5.368699773825577e-05,-0.00019950000492325275,0.0002906818139714491,-3.055669308328514e-05,3,2.0375577754598673e-05,False
B_offset,four_in_six,0.5916332406687176,7.321975692545338e-05,-0.0001548573178948335,0.00029193781178465543,-0.00030437175330225847,0.0004239244112528673,0.6412124594860328,0.0002617587118777903,5.271356397868951e-06,4.930033525570068e-05,-1.50038533234192e-05,1,1.3195305260008675e-05,False
B_offset,b2b_with_travel,0.5916668405015291,0.00010681958973682258,-0.00037131225139880954,0.0005909306787053128,-0.0007011730218688093,0.0008408123499059858,0.43086429975598306,-0.00019266067473399216,-0.00016623595811791127,1.8335266488117668e-05,0.0007535522861385944,2,0.00020216401690853041,False
B_offset,games_last7,0.5914426199674073,-0.00011740094438491201,-0.0006560778221190111,0.0004237612769508497,-0.000953527822711533,0.0007413832640497957,-0.4336523721348891,-7.162546129911984e-05,-0.0002245560276055288,-0.000210767099160173,3.918896545710169e-05,3,-0.00013197431609284432,False
B_offset,travel_7d,0.5917268198933369,0.0001667989815446724,-0.0008496788940494002,0.0012175315044733784,-0.0014384284411218143,0.001822922763584561,0.3165103881279735,0.0018445218281264765,-0.00011626797251597952,-3.431004305202741e-05,-0.000950843574643866,3,-0.00036733145286937214,False
B_offset,days_since_home,0.5917805689657367,0.00022054805394461734,-0.0002722714256280343,0.0007167504170186018,-0.0005353800861366096,0.0009901772370386791,0.8827973429360627,0.0010128149116926176,-1.3845317267174726e-05,3.7764213961157344e-05,-0.00011892727218893323,2,-3.1683023293774334e-05,False
B_offset,home_return_from_trip,0.5911888096209982,-0.0003712112907940042,-0.0011929422690363488,0.00043222833913122305,-0.0017055097506303077,0.0009194272291647024,-0.8795560619216289,-0.0008950205157479769,-0.0004630061133340799,0.000742910046424627,-0.0008938380390469964,3,-0.0002044480799068311,False
B_offset,body_clock_diff,0.5916594368262504,9.94159144582457e-05,-0.00019924079655417665,0.00038746243169438996,-0.0003964293037385952,0.0005565890089229484,0.6660035979143222,0.0003457039335232021,4.180516405337877e-05,3.364268881840872e-05,-1.2382083776696673e-05,1,2.1006106257707824e-05,False
B_offset,combined_l2,0.5921727697710576,0.0006127488592654368,-0.0006688759276587678,0.0018540403165792044,-0.0014799091736396345,0.0026542760544819876,0.9401672617629163,0.003504466316178413,-0.0007255760457338002,0.00022464727817920164,-0.000423653843349306,2,-0.0003078765614412565,False
B_offset,combined_l1,0.5922947044390345,0.0007346835272422643,-0.000484028513136593,0.0018989618083986787,-0.0012194144065919444,0.0026340942229014994,1.2071405023202846,0.0033140033445786857,-7.56773501194911e-05,8.556323798338149e-05,-0.0002693162592848499,2,-8.648500922582523e-05,False
B_offset,combined_gbm,0.5918859409914259,0.00032592007963367216,-7.93017701621489e-05,0.0006917296056056908,-0.00035253872236538924,0.0008965147925285945,1.621715774348455,0.0013496467361403988,-4.950308455836254e-18,2.0579229068622197e-18,-1.8310237145671547e-18,2,-1.5719006230819773e-18,False
