kalshi_snapshot,espn_open_mean_abs_diff_pts,espn_close_mean_abs_diff_pts
D-1 09:00 UTC,3.588094634058018,4.331596414823579
T-48h,4.175484124802262,5.060344524837773
T-36h,3.3783343613703054,4.118358324401821
T-24h,2.4631404827991745,3.148714000833256
T-18h,2.47946103023195,2.736829319051844
T-12h,2.68893607434262,2.6552342107885942
T-9h,2.8868004249897843,2.4876014746578563
T-6h,3.1964682747439874,2.136372928680767
T-4h,3.4119017868220047,1.8032624420140482
T-3h,3.4854528072148123,1.7300809641021986
T-2h,3.528269030694652,1.680382198986405
T-1h,3.624827240154538,1.3681498010895017
T-0.5h,3.6796615627553666,1.1344018437102672
T-0.25h,3.7214823651892113,1.0221288738294276
T-1min,3.7706365129918247,0.9709173293844058
