panel,snapshot,n,logloss,brier,accuracy,d_ll_vs_close,ci_lo,ci_hi,flip_vs_close
all with quote,D-1 09:00 UTC,1276,0.5898388616197651,0.20322036148119121,0.6782915360501567,0.01310889846907822,0.005864912634073232,0.02025695878949382,0.07523510971786834
all with quote,T-48h,1050,0.5933406567809828,0.20416392261904764,0.6795238095238095,0.019684544553478178,0.009880956966150626,0.02921161076113117,0.07809523809523809
all with quote,T-36h,1311,0.587576763572208,0.20221224733028226,0.6773455377574371,0.010775511660606245,0.003543010161574509,0.01815015101670657,0.07170099160945843
all with quote,T-24h,1383,0.5881901234885836,0.20240784978308027,0.6778741865509761,0.008551574352107997,0.003225116182620933,0.014048574600948861,0.05567606652205351
all with quote,T-18h,1397,0.5858146679658194,0.20145727451682177,0.6789549033643522,0.00619819024430073,0.001458455233144598,0.010730931429260395,0.04581245526127416
all with quote,T-12h,1363,0.5819668062939427,0.19976542553191487,0.6764490095377843,0.005206902052468747,0.0008653270497674771,0.009662785593149285,0.04475421863536317
all with quote,T-9h,1395,0.5844933889618844,0.20092802419354838,0.6752688172043011,0.004105233366204772,-0.00018425536389111156,0.008188428473471582,0.04516129032258064
all with quote,T-6h,1397,0.5843015202785868,0.20086124731567645,0.6753758052970651,0.0037076390064533383,7.441936419851147e-05,0.0072164195483064315,0.03435934144595562
all with quote,T-4h,1402,0.5814522724544599,0.19978909147646218,0.6790299572039943,0.001572864290393226,-0.0012340577593632934,0.004148535665729069,0.026390870185449358
all with quote,T-3h,1402,0.5814994567089363,0.19987082738944362,0.677246790299572,0.0016200485448696804,-0.001031824841515462,0.00417714747412982,0.020684736091298145
all with quote,T-2h,1402,0.5813546842748613,0.1998048412981455,0.6776034236804565,0.001475276110794646,-0.0010292380849273503,0.00387360177289262,0.02211126961483595
all with quote,T-1h,1402,0.5802716033996415,0.19927349322396573,0.6797432239657631,0.000392195235574836,-0.001385751956099127,0.002046883097317946,0.014265335235378032
all with quote,T-0.5h,1402,0.5803318208936531,0.19922658701854493,0.6815263908701854,0.0004524127295863775,-0.000686911329036395,0.001608283379964387,0.007132667617689016
all with quote,T-0.25h,1402,0.5796942177293753,0.19896685092724678,0.6833095577746077,-0.00018519043469125414,-0.0009149846405085853,0.000523145730674411,0.004992867332382311
all with quote,T-1min,1402,0.5798794081640667,0.19903834254636238,0.6868758915834522,0.0,0.0,0.0,0.0
balanced <=24h,T-24h,1338,0.5873168062335451,0.2019946375186846,0.6786248131539612,0.008508047275590654,0.0026047384447435884,0.014014209799549981,0.05754857997010463
balanced <=24h,T-18h,1338,0.5849558686392203,0.20101092582212257,0.6804932735426009,0.0061471096812660215,0.0015740439605760267,0.010517962002010064,0.04708520179372197
balanced <=24h,T-12h,1338,0.5840908715720327,0.20065877242152463,0.6756352765321375,0.005282112614078339,0.0008614853340787929,0.009549392165915691,0.04484304932735426
balanced <=24h,T-9h,1338,0.5829572018045646,0.20018682268310914,0.6778774289985052,0.004148442846610239,-9.586538110282571e-05,0.008074781935904569,0.04633781763826607
balanced <=24h,T-6h,1338,0.5825428342617827,0.20001532137518685,0.6767563527653214,0.003734075303828242,0.00011396330762156149,0.007139074738992121,0.03587443946188341
balanced <=24h,T-4h,1338,0.5803752177998686,0.19925394245142,0.680119581464873,0.001566458841914206,-0.001152037349635132,0.0042322140727439955,0.02765321375186846
balanced <=24h,T-3h,1338,0.5804690820745858,0.19935395646487297,0.6782511210762332,0.0016603231166314836,-0.0011462320273824913,0.004196704955505238,0.021674140508221227
balanced <=24h,T-2h,1338,0.5802312931450503,0.19924772047832584,0.6786248131539612,0.0014225341870958703,-0.0011757121161429722,0.003809927503167386,0.023168908819133034
balanced <=24h,T-1h,1338,0.579057888572468,0.19866648449177876,0.6808669656203289,0.0002491296145136621,-0.0015221825684087413,0.001963465106356829,0.014947683109118086
balanced <=24h,T-0.5h,1338,0.5791112357190679,0.19860585295216743,0.6827354260089686,0.0003024767611134934,-0.0008382447444268329,0.0014513322914176173,0.007473841554559043
balanced <=24h,T-0.25h,1338,0.5785016974401967,0.19836065489536622,0.6846038863976084,-0.00030706151775762873,-0.00106267666323136,0.0003818461978229629,0.00523168908819133
balanced <=24h,T-1min,1338,0.5788087589579544,0.198482730754858,0.6883408071748879,0.0,0.0,0.0,0.0
