policy,n,logloss,brier,accuracy,d_ll_vs_09,ci_lo,ci_hi,bonf_lo,bonf_hi,d_brier_vs_09,d_acc_vs_09_pts,picks_changed_vs_09,flips_later_pick_right,net_correct_picks_per_1230,share_games_price_changed,share_of_max_gain
"D-1 09:00 UTC (tomorrow's games, current)",1269,0.5904696624958592,0.20351568163908587,0.6773049645390071,0.0058724360865130085,-0.0004971004660482131,0.0114986734017356,-0.003331252170439683,0.0150761243434657,0.0025182821118991117,-0.19700551615444706,0.0591016548463357,0.48,-2.9078014184397163,,-0.9825428165230816
09:00 UTC only (current main run),1377,0.5865756120775398,0.20185787944807554,0.6761074800290486,0.0,0.0,0.0,0.0,0.0,0.0,0.0,0.0,,0.0,0.0,-0.0
09 + 12 UTC,1377,0.5868107551479176,0.20193717774146694,0.6742919389978214,0.0002351430703776743,-0.0005905220879906342,0.0010083741006222786,-0.000993292936273493,0.0014635790770288416,7.929829339139993e-05,-0.18155410312272746,0.005083514887436456,0.42857142857142855,-0.8932461873638344,0.6441539578794481,-0.03934280956848239
09 + 15 UTC,1377,0.5855502555107159,0.20140826525054467,0.6750181554103123,-0.0010253565668239212,-0.0025506561965288254,0.000537127177847713,-0.003436641011276521,0.0013859278776286786,-0.0004496141975308676,-0.10893246187363426,0.01597676107480029,0.4090909090909091,-3.5729847494553377,0.8242556281771968,0.1715568657139409
09 + 17 UTC,1377,0.5844028984938506,0.20095870098039217,0.6786492374727668,-0.0021727135836892616,-0.004207699744520269,-0.0001484834099512454,-0.00533054286571376,0.0009851156983352372,-0.0008991784676833647,0.25417574437182067,0.017429193899782137,0.5416666666666666,1.7864923747276689,0.8547567175018156,0.36352615721418907
09 + 18 UTC,1377,0.5838617064737803,0.2007160856935367,0.6790123456790124,-0.002713905603759521,-0.005062452270489767,-0.00019312263591818402,-0.0064863318276410864,0.0010585206201220443,-0.0011417937545388501,0.2904865649963728,0.01888162672476398,0.5384615384615384,1.7864923747276689,0.8634713144517067,0.45407534733664695
09 + 19 UTC,1377,0.5838602129997021,0.20073151325344954,0.6779230210602759,-0.0027153990778375726,-0.005586747014258187,0.00022822127737321432,-0.007123537113428404,0.0016927389577532587,-0.0011263661946259995,0.18155410312272746,0.027596223674655047,0.5263157894736842,1.7864923747276689,0.8867102396514162,0.4543252269786618
09 + 20 UTC,1377,0.5821059841233928,0.2000653095497458,0.6793754538852578,-0.00446962795414712,-0.007674743861936829,-0.0011203941589384787,-0.00951912777828065,0.0005798718699864111,-0.0017925698983297378,0.32679738562091387,0.03122730573710966,0.5581395348837209,4.466230936819172,0.879448075526507,0.7478328881201494
09 + 21 UTC (current refresh),1377,0.5817749847020539,0.19992645243282497,0.6793754538852578,-0.004800627375486027,-0.008039180955600703,-0.0013002896649330126,-0.00998932869849142,0.000388073947519366,-0.0019314270152505641,0.32679738562091387,0.034858387799564274,0.5625,5.359477124183006,0.8533042846768337,0.8032138405764497
09 + 22 UTC,1377,0.5818109680755492,0.19999672294843865,0.6768336964415396,-0.004764644001990633,-0.00815879511680636,-0.000976712825530101,-0.010170433097858866,0.0006411450938776002,-0.0018611564996368901,0.0726216412490932,0.03340595497458242,0.5217391304347826,1.7864923747276689,0.8264342774146696,0.7971933058918125
09 + 23 UTC,1377,0.5825315903709082,0.20017981118373276,0.6775599128540305,-0.004044021706631712,-0.007617771198659483,-0.00036769256024477725,-0.009561831339732575,0.0014737879264691495,-0.0016780682643427747,0.1452432824981864,0.03195352214960058,0.5227272727272727,1.7864923747276689,0.7450980392156863,0.676622856201025
09 + 17 + 22 UTC,1377,0.5818105532766528,0.20000870551924474,0.6779230210602759,-0.00476505880088716,-0.00821463519506786,-0.0010017330103650396,-0.010288004410924645,0.0007578868091503233,-0.0018491739288307996,0.18155410312272746,0.03848946986201888,0.5283018867924528,2.679738562091503,0.9084967320261438,0.7972627076988447
09 + 21 + 23 UTC,1377,0.581203191383605,0.19967730573710965,0.6793754538852578,-0.005372420693934833,-0.009120232328868173,-0.0015437006328723785,-0.01117285351026415,0.0004280121223944845,-0.0021805737109658885,0.32679738562091387,0.03848946986201888,0.5471698113207547,4.466230936819172,0.8641975308641975,0.8988830669930743
09 + 18 + 22 + 00 UTC,1377,0.581036014485332,0.19962140976761075,0.6797385620915033,-0.005539597592207755,-0.009239307225355316,-0.0014564067897302859,-0.011556589475368785,0.0004773942909532744,-0.0022364696804647866,0.363108206245466,0.03994190268700073,0.5454545454545454,4.466230936819172,0.9084967320261438,0.9268541607720113
hourly 09..02 UTC (each game: last whole hour >= 30 min before tip),1377,0.5813782846366673,0.19973729121278141,0.6797385620915033,-0.005197327440872541,-0.009164536248356744,-0.0009615140687443799,-0.011496161816651402,0.0011015069349063211,-0.002120588235294124,0.363108206245466,0.04502541757443718,0.5483870967741935,5.359477124183006,0.9237472766884531,0.8695874534719457
per game T-1h (staggered threads),1377,0.5811980701131724,0.1996791575889615,0.6790123456790124,-0.005377541964367524,-0.00920711425999751,-0.0012776349294409588,-0.011590895564503625,0.0008358116357685763,-0.0021787218591140523,0.2904865649963728,0.04647785039941903,0.53125,3.5729847494553377,,0.8997399290177915
per game T-30min (staggered threads),1377,0.5811895278247119,0.1995952069716776,0.6808278867102396,-0.005386084252828022,-0.009591300583945698,-0.000886139159884495,-0.01195505213435247,0.0011828836286964274,-0.0022626724763979422,0.4720406681191003,0.04647785039941903,0.546875,5.359477124183006,,0.9011691764442227
"pre-tip T-1min (upper bound, not publishable)",1377,0.5805988383555623,0.1993454702251271,0.6862745098039216,-0.005976773721977596,-0.010435977889802906,-0.001255319687287553,-0.01295815885158521,0.0010046114076300182,-0.0025124092229484307,1.0167029774872938,0.04793028322440087,0.6060606060606061,12.505446623093682,,1.0
