season,price,n,ll_espn_open,ll_price,delta_vs_open,ci_lo,ci_hi
2024-25,Kalshi 09:00 UTC,62,0.6774403888668906,0.687778345549207,0.010337956682316527,-0.005764497280543577,0.027582550668455687
2024-25,09 + 21 UTC policy,62,0.6774403888668906,0.6846573888022649,0.0072169999353745165,-0.012259260364072039,0.027726129294113642
2024-25,ESPN close,62,0.6774403888668906,0.678904276361002,0.0014638874941114146,-0.022669423706220163,0.024462503840991134
2025-26,Kalshi 09:00 UTC,1314,0.586143839027298,0.5820279134964002,-0.00411592553089783,-0.008955174875425988,0.0009407142620663327
2025-26,09 + 21 UTC policy,1314,0.586143839027298,0.5771469113749076,-0.008996927652390357,-0.015054942987790778,-0.002649836160314213
2025-26,ESPN close,1314,0.586143839027298,0.5767788768379463,-0.009364962189351695,-0.01575320357368377,-0.0025606086496355413
all,Kalshi 09:00 UTC,1376,0.5902574917090238,0.5867928312197097,-0.0034646604893140438,-0.007907510004187646,0.0013625995760814034
all,09 + 21 UTC policy,1376,0.5902574917090238,0.5819911334682913,-0.008266358240732345,-0.013720581854677259,-0.002238306990697624
all,ESPN close,1376,0.5902574917090238,0.5813804573397118,-0.008877034369311932,-0.014720377331281618,-0.0025365276986334803
