baseline,odds,model,thr,bets,roi,ci95_lo,ci95_hi,hit,avg_dec,fav_share
close,close,A_lgb,0.0,1173,-0.022765657378198693,-0.10788655620566459,0.06510723312953688,0.38618925831202044,3.431224700502411,0.27791986359761295
close,close,A_lgb,0.02,306,-0.09930419625005316,-0.23660166875659908,0.04132778411761177,0.39869281045751637,3.06515372872602,0.27450980392156865
close,close,A_lgb,0.04,56,0.19293173469318065,-0.14724758400835083,0.5269303425610924,0.5,2.5233834484513458,0.26785714285714285
close,close,A_lgb,0.06,11,,,,,,
close,close,R1_lgb_no_market,0.0,4393,-0.058676675891677015,-0.10137850188900975,-0.015426237676590442,0.37104484407011157,3.4271941222505626,0.26724334167994535
close,close,R1_lgb_no_market,0.02,3586,-0.06263842271671723,-0.11086888708583997,-0.013393095067156285,0.35499163413273843,3.5659413737678385,0.23786949247071945
close,close,R1_lgb_no_market,0.04,2911,-0.05038119835187922,-0.10610494282595248,0.00498248951155784,0.3469598076262453,3.6856645223347893,0.21023703194778426
close,close,R1_lgb_no_market,0.06,2261,-0.04457839806972546,-0.10738093683123134,0.020428102935702856,0.3414418398938523,3.7874981689958642,0.1817779743476338
close,close,R0_platt,0.0,779,-0.15166880616174583,-0.2908873555840822,0.0018613607188703368,0.15917843388960207,6.059050064184852,0.0
close,close,R0_platt,0.02,0,,,,,,
close,close,R0_platt,0.04,0,,,,,,
close,close,R0_platt,0.06,0,,,,,,
close,close,C1_logit_inter,0.0,1264,-0.09998065883459693,-0.20230192100972758,0.0051047170935888475,0.23338607594936708,5.1659155475512195,0.07990506329113924
close,close,C1_logit_inter,0.02,114,-0.5096108280509501,-0.7346988445348477,-0.24378584893649735,0.15789473684210525,4.583628251876899,0.10526315789473684
close,close,C1_logit_inter,0.04,31,-0.4963343108504399,-1.0,0.18914956011730205,0.0967741935483871,4.942375366568915,0.03225806451612903
close,close,C1_logit_inter,0.06,9,,,,,,
close,close,C2_logit_inter_plus,0.0,1329,-0.06399136927004526,-0.16220466390098534,0.039784663928606134,0.24680210684725357,4.836347028655915,0.0835214446952596
close,close,C2_logit_inter_plus,0.02,32,-0.2261363636363637,-0.7375,0.3640731534090907,0.21875,4.43628715034965,0.125
close,close,C2_logit_inter_plus,0.04,0,,,,,,
close,close,C2_logit_inter_plus,0.06,0,,,,,,
close,close,C1o_logit_inter_offset,0.0,634,-0.18474061950619952,-0.30958946735190973,-0.05339590749006812,0.26025236593059936,4.823544561679402,0.15930599369085174
close,close,C1o_logit_inter_offset,0.02,113,-0.5052711008655603,-0.7286373236940763,-0.24603844492118832,0.1592920353982301,4.56091699746873,0.10619469026548672
close,close,C1o_logit_inter_offset,0.04,31,-0.4963343108504399,-1.0,0.18914956011730205,0.0967741935483871,4.942375366568915,0.03225806451612903
close,close,C1o_logit_inter_offset,0.06,9,,,,,,
close,close,C2o_logit_inter_plus_offset,0.0,478,-0.04626040632343217,-0.18949268891217014,0.10745653127042935,0.3263598326359833,4.204109156678966,0.2217573221757322
close,close,C2o_logit_inter_plus_offset,0.02,28,-0.22719155844155844,-0.7160714285714286,0.3656676136363635,0.25,4.119879043370423,0.17857142857142858
close,close,C2o_logit_inter_plus_offset,0.04,0,,,,,,
close,close,C2o_logit_inter_plus_offset,0.06,0,,,,,,
close,close,D1_margin_shift,0.0,592,-0.0010979762953246923,-0.13448650230730896,0.1336241343214281,0.34121621621621623,3.85886990460592,0.12837837837837837
close,close,D1_margin_shift,0.02,9,,,,,,
close,close,D1_margin_shift,0.04,1,,,,,,
close,close,D1_margin_shift,0.06,0,,,,,,
close,close,D2_margin_link,0.0,2516,-0.08136023562888478,-0.13223107991905853,-0.03098705895151793,0.44753577106518283,2.88234554572681,0.6029411764705882
close,close,D2_margin_link,0.02,982,-0.03168980493881459,-0.10873971364130676,0.050542570846570635,0.48778004073319753,2.738450319330353,0.6843177189409368
close,close,D2_margin_link,0.04,279,-0.01017622412525259,-0.1591182004500887,0.14498803742959093,0.4874551971326165,2.914732194006484,0.6810035842293907
close,close,D2_margin_link,0.06,54,0.17004062757092672,-0.234781040554888,0.6201067182578853,0.48148148148148145,3.6484568662050054,0.5370370370370371
close,close,G1_screen_top1,0.0,1217,-0.017782748373895943,-0.10707205758906509,0.07440370608021776,0.3582580115036976,3.610144391289404,0.209531635168447
close,close,G1_screen_top1,0.02,244,-0.017551247848232324,-0.19282071404272072,0.16526074395369075,0.3975409836065574,3.0309582169942777,0.20081967213114754
close,close,G1_screen_top1,0.04,59,-0.17859031091643596,-0.47217338681190224,0.13661037822493086,0.3389830508474576,2.873704717872794,0.1016949152542373
close,close,G1_screen_top1,0.06,6,,,,,,
close,close,G5_screen_top5,0.0,1814,-0.013015050838783309,-0.08253410405302646,0.05840140926930292,0.37541345093715545,3.6000462169262564,0.24310915104740904
close,close,G5_screen_top5,0.02,518,0.07479579554423116,-0.05636692907007715,0.21039390435010896,0.42084942084942084,3.015531312494533,0.24517374517374518
close,close,G5_screen_top5,0.04,182,-0.02956253701543765,-0.20687872866152654,0.15214996961901453,0.4175824175824176,2.7267613058349225,0.21978021978021978
close,close,G5_screen_top5,0.06,61,0.07723088104659616,-0.2530113192818111,0.4229908274785324,0.4262295081967213,2.7003729575493285,0.14754098360655737
close,close,E_ensemble,0.0,699,-0.013548320830798277,-0.15061853436858885,0.13020835273184425,0.2632331902718169,4.732588063371851,0.045779685264663805
close,close,E_ensemble,0.02,9,,,,,,
close,close,E_ensemble,0.04,0,,,,,,
close,close,E_ensemble,0.06,0,,,,,,
close,close,A_lgb@2021+,0.0,58,0.0032886334610472755,-0.42588362068965524,0.48277219029374185,0.29310344827586204,5.431212171691932,0.034482758620689655
close,close,A_lgb@2021+,0.02,0,,,,,,
close,close,A_lgb@2021+,0.04,0,,,,,,
close,close,A_lgb@2021+,0.06,0,,,,,,
close,close,C1_logit_inter@2021+,0.0,1088,-0.147559796758023,-0.24105545696878597,-0.051154403659987684,0.3125,4.0276777580934935,0.265625
close,close,C1_logit_inter@2021+,0.02,59,-0.04557592357912616,-0.5026014624007853,0.47281708434533615,0.288135593220339,4.0678881021934234,0.3050847457627119
close,close,C1_logit_inter@2021+,0.04,3,,,,,,
close,close,C1_logit_inter@2021+,0.06,0,,,,,,
close,close,C2_logit_inter_plus@2021+,0.0,1266,-0.1146516921019835,-0.1968369795716162,-0.030987868493877094,0.34755134281200634,3.6622438636622987,0.3033175355450237
close,close,C2_logit_inter_plus@2021+,0.02,85,0.09400556750391388,-0.19779884513587426,0.405391526014608,0.5058823529411764,2.3891269782398825,0.6705882352941176
close,close,C2_logit_inter_plus@2021+,0.04,3,,,,,,
close,close,C2_logit_inter_plus@2021+,0.06,0,,,,,,
close,close,D1_margin_shift@2021+,0.0,363,-0.07428832063639383,-0.22527037961823745,0.08732657648231398,0.3305785123966942,3.5981477294403432,0.18732782369146006
close,close,D1_margin_shift@2021+,0.02,30,-0.22030864197530864,-0.6100077160493826,0.1880324074074072,0.3333333333333333,2.838024691358025,0.03333333333333333
close,close,D1_margin_shift@2021+,0.04,3,,,,,,
close,close,D1_margin_shift@2021+,0.06,0,,,,,,
close,close,D2_margin_link@2021+,0.0,2422,-0.06322327754811939,-0.11288592966429678,-0.013501767344686909,0.4843104872006606,2.7238785541750823,0.6928158546655656
close,close,D2_margin_link@2021+,0.02,822,-0.06807192683938777,-0.15075120817889437,0.019039094962306897,0.48175182481751827,2.6503022477666685,0.7287104622871047
close,close,D2_margin_link@2021+,0.04,200,-0.032106772763903536,-0.2101225527771517,0.16123578378790798,0.475,2.9573293924513324,0.68
close,close,D2_margin_link@2021+,0.06,46,0.17390237659124438,-0.17788915840271216,0.5812017683739843,0.5869565217391305,2.5862768276146157,0.8478260869565217
close,close,E_ensemble@2021+,0.0,204,0.030281511859890493,-0.22333266136316962,0.30107707695917935,0.3088235294117647,4.8539544252906905,0.1568627450980392
close,close,E_ensemble@2021+,0.02,1,,,,,,
close,close,E_ensemble@2021+,0.04,0,,,,,,
close,close,E_ensemble@2021+,0.06,0,,,,,,
open,open,A_lgb,0.0,396,0.043700098032626325,-0.08236318181814511,0.17220680464437715,0.45454545454545453,2.533960468413735,0.37373737373737376
open,open,A_lgb,0.02,17,,,,,,
open,open,A_lgb,0.04,0,,,,,,
open,open,A_lgb,0.06,0,,,,,,
open,open,R1_lgb_no_market,0.0,2215,-0.024619036606360143,-0.08523012526735581,0.038379399704858305,0.3909706546275395,3.511906096656512,0.2817155756207675
open,open,R1_lgb_no_market,0.02,1830,-0.024149697668826606,-0.09369666857687411,0.04797681363395948,0.3765027322404372,3.665490166302316,0.25191256830601094
open,open,R1_lgb_no_market,0.04,1485,-0.02849179455251785,-0.10504972371170743,0.052987660938578575,0.36902356902356903,3.7752895810794107,0.23636363636363636
open,open,R1_lgb_no_market,0.06,1143,0.011468925673400483,-0.07894768169978136,0.10326544108633873,0.3753280839895013,3.842060534917156,0.2204724409448819
open,open,R0_platt,0.0,626,-0.05547428371475349,-0.12076126642412686,0.01031426980544905,0.5654952076677316,1.727103377135933,0.7428115015974441
open,open,R0_platt,0.02,0,,,,,,
open,open,R0_platt,0.04,0,,,,,,
open,open,R0_platt,0.06,0,,,,,,
open,open,C1_logit_inter,0.0,933,-0.033740155227626356,-0.10945121316398135,0.044480448535191563,0.5005359056806002,2.327323865878301,0.6120042872454448
open,open,C1_logit_inter,0.02,183,-0.04214834751397705,-0.1859658275882701,0.1081968089807831,0.5191256830601093,2.176178883662553,0.5737704918032787
open,open,C1_logit_inter,0.04,23,0.3880000246516497,-0.17801275431481553,0.9826881619153247,0.5652173913043478,2.2876617322593846,0.5652173913043478
open,open,C1_logit_inter,0.06,0,,,,,,
open,open,C2_logit_inter_plus,0.0,907,-0.04937479448350669,-0.11773122025114724,0.018711570411689284,0.5049614112458655,2.176249427121863,0.5887541345093715
open,open,C2_logit_inter_plus,0.02,88,-0.01847449399047719,-0.20497048855380057,0.16859075516356686,0.5795454545454546,1.7770414696931782,0.8409090909090909
open,open,C2_logit_inter_plus,0.04,0,,,,,,
open,open,C2_logit_inter_plus,0.06,0,,,,,,
open,open,C1o_logit_inter_offset,0.0,513,0.019816272431234974,-0.09361672695111202,0.13890486938542773,0.5048732943469786,2.591191616069473,0.5964912280701754
open,open,C1o_logit_inter_offset,0.02,88,0.03348680876653292,-0.23584217796855617,0.3458766098596425,0.4772727272727273,2.5794214205525345,0.5681818181818182
open,open,C1o_logit_inter_offset,0.04,4,,,,,,
open,open,C1o_logit_inter_offset,0.06,0,,,,,,
open,open,C2o_logit_inter_plus_offset,0.0,174,0.03538416475189603,-0.13660645116110262,0.21992518416862292,0.5344827586206896,2.103676553445268,0.6206896551724138
open,open,C2o_logit_inter_plus_offset,0.02,2,,,,,,
open,open,C2o_logit_inter_plus_offset,0.04,0,,,,,,
open,open,C2o_logit_inter_plus_offset,0.06,0,,,,,,
open,open,D1_margin_shift,0.0,65,0.23689523924435385,-0.060125424468368736,0.5420939680123554,0.5384615384615384,2.5440895015397595,0.3230769230769231
open,open,D1_margin_shift,0.02,0,,,,,,
open,open,D1_margin_shift,0.04,0,,,,,,
open,open,D1_margin_shift,0.06,0,,,,,,
open,open,D2_margin_link,0.0,1642,-0.009730208478789498,-0.08153824374469174,0.06268593252065481,0.41291108404384896,3.3672175230204395,0.34226552984165654
open,open,D2_margin_link,0.02,491,-0.027836403464231427,-0.1057921674978899,0.05257958321926519,0.5661914460285132,1.7743459859606088,0.7494908350305499
open,open,D2_margin_link,0.04,0,,,,,,
open,open,D2_margin_link,0.06,0,,,,,,
open,open,F_move_lgb,0.0,498,0.035784443647506034,-0.11582704064530493,0.19272274754050595,0.36947791164658633,4.288318326182492,0.26706827309236947
open,open,F_move_lgb,0.02,27,0.5375528047941841,-0.005667837377607486,1.1028127763041555,0.5925925925925926,2.6434776755338696,0.2962962962962963
open,open,F_move_lgb,0.04,0,,,,,,
open,open,F_move_lgb,0.06,0,,,,,,
open,open,F_move_ridge,0.0,1009,0.07056109811853989,-0.02557713300330465,0.1684655982189379,0.4103072348860258,3.4996888477314063,0.2755203171456888
open,open,F_move_ridge,0.02,305,0.1534115172721667,-0.009389265328344647,0.32652571131317026,0.4491803278688525,2.966219745687216,0.26229508196721313
open,open,F_move_ridge,0.04,89,0.18000295997876184,-0.12113770331264666,0.5005398844990808,0.449438202247191,2.992900372041859,0.24719101123595505
open,open,F_move_ridge,0.06,32,0.26506498171368864,-0.25209141522988504,0.8107189214341689,0.4375,3.0336162095719814,0.1875
open,open,G1_screen_top1,0.0,1082,-0.023761044255966934,-0.09023444242093742,0.04292973451514573,0.5129390018484289,2.3654597520593996,0.5499075785582255
open,open,G1_screen_top1,0.02,352,0.021360205975650134,-0.0773247674800409,0.12174356186706922,0.5880681818181818,1.829812254376298,0.7386363636363636
open,open,G1_screen_top1,0.04,110,-0.09197394719471516,-0.26112087020951413,0.07934557156302355,0.5363636363636364,1.7022144082950093,0.8363636363636363
open,open,G1_screen_top1,0.06,15,,,,,,
open,open,G5_screen_top5,0.0,1119,0.01689135214115273,-0.04580989014348252,0.08105344975399376,0.546916890080429,2.1150985944553047,0.6050044682752458
open,open,G5_screen_top5,0.02,483,0.041694107713325414,-0.042658514835180045,0.1260162788013735,0.5859213250517599,1.8839583040368217,0.6956521739130435
open,open,G5_screen_top5,0.04,204,-0.012818813153517229,-0.14638498551180698,0.12039886835967761,0.553921568627451,1.830027326240423,0.7107843137254902
open,open,G5_screen_top5,0.06,60,-0.054364624980810176,-0.2786905836246801,0.17531347728311203,0.55,1.7439843551765801,0.8
open,open,E_ensemble,0.0,168,0.015134714966358294,-0.15423320138050528,0.18472722670640532,0.48214285714285715,2.335087797407563,0.4166666666666667
open,open,E_ensemble,0.02,0,,,,,,
open,open,E_ensemble,0.04,0,,,,,,
open,open,E_ensemble,0.06,0,,,,,,
open_models_at_close_odds,close,A_lgb,0.0,1669,-0.0942350197290941,-0.15588801728706717,-0.030017837934066864,0.3876572798082684,3.2142707749537602,0.3025763930497304
open_models_at_close_odds,close,A_lgb,0.02,1009,-0.09786472337562237,-0.18012798620435355,-0.013175755658821115,0.3726461843409316,3.0140075403448474,0.2755203171456888
open_models_at_close_odds,close,A_lgb,0.04,582,-0.10548197839860211,-0.21338895454973966,0.00625074548952649,0.36254295532646047,3.0183676538747166,0.23711340206185566
open_models_at_close_odds,close,A_lgb,0.06,337,-0.08963765839522586,-0.23348657978612075,0.05926608294963738,0.3620178041543027,2.9900021322945762,0.228486646884273
open_models_at_close_odds,close,R1_lgb_no_market,0.0,2235,-0.07237432635146321,-0.13156288653443918,-0.011347504812910985,0.36599552572706934,3.6077531911704916,0.2532438478747204
open_models_at_close_odds,close,R1_lgb_no_market,0.02,1866,-0.08005480637526706,-0.14614293284448834,-0.014139452994791505,0.35316184351554125,3.767673630117572,0.2202572347266881
open_models_at_close_odds,close,R1_lgb_no_market,0.04,1533,-0.08497202503479365,-0.1585384972092513,-0.011998691877103996,0.34181343770384864,3.87937139771977,0.1917808219178082
open_models_at_close_odds,close,R1_lgb_no_market,0.06,1227,-0.0850562691169193,-0.16776889072121176,0.0009536569841365475,0.3341483292583537,3.9346727910759225,0.17685411572942136
open_models_at_close_odds,close,R0_platt,0.0,1684,-0.09867910970876165,-0.15962144054908572,-0.03660651858141816,0.41211401425178146,2.973329827050712,0.3675771971496437
open_models_at_close_odds,close,R0_platt,0.02,1033,-0.057639660191993625,-0.1370525338766342,0.0245443562196421,0.4133591481122943,2.7964490257025054,0.3436592449177154
open_models_at_close_odds,close,R0_platt,0.04,594,-0.11504039090568992,-0.21978079036861078,-0.005886042024364102,0.3872053872053872,2.7757764068016555,0.30808080808080807
open_models_at_close_odds,close,R0_platt,0.06,363,-0.10822635072890663,-0.2402483769749421,0.0243501919182412,0.38292011019283745,2.7535809677524394,0.2975206611570248
open_models_at_close_odds,close,C1_logit_inter,0.0,1726,-0.10029516687586149,-0.1603207983621354,-0.039677655767877705,0.41772885283893396,2.954882217275894,0.3864426419466976
open_models_at_close_odds,close,C1_logit_inter,0.02,1063,-0.05817601467907735,-0.13517268209676866,0.022380030513110275,0.4205079962370649,2.790462265033983,0.3621825023518344
open_models_at_close_odds,close,C1_logit_inter,0.04,628,-0.1286326344004728,-0.22237489408713623,-0.03088480852455328,0.3964968152866242,2.7395394003023075,0.34554140127388533
open_models_at_close_odds,close,C1_logit_inter,0.06,389,-0.09499048662637372,-0.22013080458856996,0.034123836074063475,0.39845758354755784,2.761164677882163,0.32904884318766064
open_models_at_close_odds,close,C2_logit_inter_plus,0.0,1675,-0.09191513282660131,-0.1515964556856867,-0.029529670594164358,0.4167164179104478,2.9606489552585,0.3755223880597015
open_models_at_close_odds,close,C2_logit_inter_plus,0.02,1047,-0.06670150364984113,-0.14304889102110097,0.011709869406162948,0.42024832855778416,2.7620586929311988,0.3667621776504298
open_models_at_close_odds,close,C2_logit_inter_plus,0.04,597,-0.12255840807068695,-0.22200568909008597,-0.02114290053168384,0.38860971524288107,2.7366919657286917,0.33500837520938026
open_models_at_close_odds,close,C2_logit_inter_plus,0.06,374,-0.098225408289468,-0.22739650635086214,0.03425271485270636,0.39037433155080214,2.783698996385944,0.31283422459893045
open_models_at_close_odds,close,C1o_logit_inter_offset,0.0,1706,-0.09258420930890572,-0.15520171727727045,-0.029556821432845062,0.40328253223915594,3.1355076234572072,0.3452520515826495
open_models_at_close_odds,close,C1o_logit_inter_offset,0.02,1033,-0.07066057343462658,-0.15310930754641558,0.014263259252856157,0.398838334946757,2.9542125635600964,0.3204259438528558
open_models_at_close_odds,close,C1o_logit_inter_offset,0.04,595,-0.11233340480894954,-0.21358152855836968,-0.006454040315333764,0.38487394957983195,2.8520728370047,0.31932773109243695
open_models_at_close_odds,close,C1o_logit_inter_offset,0.06,351,-0.1117788467477211,-0.24548909279558262,0.028769367763507733,0.3789173789173789,2.858075819643851,0.2934472934472934
open_models_at_close_odds,close,C2o_logit_inter_plus_offset,0.0,1667,-0.07732142954916742,-0.1398770375695017,-0.011941151518716176,0.41031793641271747,3.0951503912422913,0.33773245350929815
open_models_at_close_odds,close,C2o_logit_inter_plus_offset,0.02,986,-0.09657808980035888,-0.17740139346709893,-0.013730199810877898,0.3935091277890467,2.91883199128143,0.3154158215010142
open_models_at_close_odds,close,C2o_logit_inter_plus_offset,0.04,560,-0.13468190560847632,-0.23907650435783773,-0.02904861541763766,0.3767857142857143,2.854795075619736,0.30357142857142855
open_models_at_close_odds,close,C2o_logit_inter_plus_offset,0.06,331,-0.0856582388130309,-0.23024002290581505,0.06369172615477572,0.37462235649546827,2.873677159952265,0.26586102719033233
open_models_at_close_odds,close,D1_margin_shift,0.0,1663,-0.10521016295624112,-0.16922340283820533,-0.04060878676697117,0.38544798556825016,3.215862530723642,0.3000601322910403
open_models_at_close_odds,close,D1_margin_shift,0.02,978,-0.07835035053382135,-0.16161821517716626,0.007961934688690242,0.37934560327198363,3.0465113297382826,0.26789366053169733
open_models_at_close_odds,close,D1_margin_shift,0.04,569,-0.09984352506649237,-0.21118250175498146,0.018296614410976693,0.35500878734622143,3.0543754343736023,0.23198594024604569
open_models_at_close_odds,close,D1_margin_shift,0.06,320,-0.14501724825382295,-0.2903665443675557,0.005188651533180186,0.340625,3.0384925064350736,0.215625
open_models_at_close_odds,close,D2_margin_link,0.0,1810,-0.09290085080801463,-0.15595622963778133,-0.028519267311418815,0.3828729281767956,3.3526351434751773,0.30773480662983427
open_models_at_close_odds,close,D2_margin_link,0.02,1158,-0.10826971099411625,-0.18490070400457823,-0.028690536362381804,0.37219343696027635,3.205035716291444,0.2970639032815199
open_models_at_close_odds,close,D2_margin_link,0.04,687,-0.09654277566738596,-0.19527422084196516,0.004034652188297033,0.3813682678311499,2.9374093529426197,0.29839883551673946
open_models_at_close_odds,close,D2_margin_link,0.06,421,-0.03459087558868257,-0.1647429452780256,0.0982182543247178,0.39667458432304037,2.910055536718366,0.26128266033254155
open_models_at_close_odds,close,F_move_lgb,0.0,1695,-0.0955374810211954,-0.1592060592951966,-0.029086519506757554,0.3793510324483776,3.330908349615987,0.29321533923303833
open_models_at_close_odds,close,F_move_lgb,0.02,1023,-0.09503676744124669,-0.17863762317945342,-0.009768668338298266,0.3704789833822092,3.1842841472058745,0.26392961876832843
open_models_at_close_odds,close,F_move_lgb,0.04,576,-0.1096447455147616,-0.2221911433608988,0.005021470753321699,0.3559027777777778,3.052890207534164,0.2534722222222222
open_models_at_close_odds,close,F_move_lgb,0.06,325,-0.09575595897322077,-0.24207602063284997,0.059494605820241,0.3569230769230769,3.0617475595131434,0.22153846153846155
open_models_at_close_odds,close,F_move_ridge,0.0,1760,-0.06470586472629698,-0.13096616773865472,0.0021402533647577686,0.38579545454545455,3.3474570775522943,0.27045454545454545
open_models_at_close_odds,close,F_move_ridge,0.02,1076,-0.10821710195699503,-0.19268641982954252,-0.023091452929705047,0.354089219330855,3.2455411196857935,0.2379182156133829
open_models_at_close_odds,close,F_move_ridge,0.04,616,-0.06370600275585221,-0.17234666236688248,0.04985521093224847,0.36363636363636365,3.1387452850214435,0.2288961038961039
open_models_at_close_odds,close,F_move_ridge,0.06,361,-0.06371461787762527,-0.2092661957813762,0.08815394039555668,0.3518005540166205,3.1817201141294924,0.19113573407202217
open_models_at_close_odds,close,G1_screen_top1,0.0,1740,-0.08796880132103362,-0.14734774778815266,-0.028553577461296147,0.42931034482758623,2.91307613579896,0.3988505747126437
open_models_at_close_odds,close,G1_screen_top1,0.02,1116,-0.08215742320358727,-0.15497139810642682,-0.005873823179625655,0.4211469534050179,2.777441070073899,0.37455197132616486
open_models_at_close_odds,close,G1_screen_top1,0.04,674,-0.06762185241069985,-0.16230424255675188,0.02976748408915464,0.41543026706231456,2.661076964679004,0.35311572700296734
open_models_at_close_odds,close,G1_screen_top1,0.06,401,-0.08060538215659459,-0.20879144406225508,0.04885700281895164,0.4014962593516209,2.706216894345916,0.34413965087281795
open_models_at_close_odds,close,G5_screen_top5,0.0,1735,-0.06537683265975738,-0.12367976915660471,-0.005550692498482563,0.4507204610951009,2.796660374991518,0.43054755043227666
open_models_at_close_odds,close,G5_screen_top5,0.02,1109,-0.08000146976281644,-0.152582017028611,-0.006113487880854183,0.43462578899909826,2.6127724121124873,0.41118124436429215
open_models_at_close_odds,close,G5_screen_top5,0.04,683,-0.050489557559223804,-0.14287125705885823,0.04422765410553013,0.4363103953147877,2.5776879592479807,0.3938506588579795
open_models_at_close_odds,close,G5_screen_top5,0.06,439,-0.06573008114457436,-0.18177215026960278,0.05602009400935835,0.4191343963553531,2.6065410056057763,0.3690205011389522
open_models_at_close_odds,close,E_ensemble,0.0,1652,-0.08767277374264812,-0.15179787740934755,-0.022361063010672002,0.39891041162227603,3.10637155628049,0.32324455205811137
open_models_at_close_odds,close,E_ensemble,0.02,982,-0.08903371437336736,-0.1703921694536875,-0.003517726591498782,0.38391038696537677,2.9726004291030503,0.29226069246435843
open_models_at_close_odds,close,E_ensemble,0.04,567,-0.1316654876473012,-0.2394977494206022,-0.022627857754607652,0.36155202821869487,2.9171590863340757,0.2716049382716049
open_models_at_close_odds,close,E_ensemble,0.06,333,-0.08056912775723078,-0.22527602786977913,0.06976640970060805,0.37237237237237236,2.911633546161221,0.24324324324324326
