,2018-23,2023-26
diff_last10_opp_fg3_pct,4.36051225737159,0.02194189674402641
away_last3_fg_pct,3.469434257190521,0.4461984756784548
away_last10_opp_fg3_pct,-3.1894907565193367,-0.06841675011624813
away_team_road_ppg,2.827096689509122,-0.6162273234092137
away_last3_ppg,2.822726789092206,1.058702968130871
home_last10_opp_fg3_pct,2.7440625318311236,-0.03691176703391882
away_form_diff_ewm,2.6955974159979577,-1.3380483868317212
diff_last3_ppg,-2.643134498552922,-0.02608475466542761
diff_last3_fg_pct,-2.6256917747854147,1.46476533347398
away_last10_win_pct,2.6143203296832453,-0.7944089459431076
away_last5_win_pct,2.562498337223051,-0.586734308508155
away_season_diff,2.5266029114090736,-1.1403129815593707
away_weighted_recent_form,2.4456436415870115,0.19447874191432943
away_last3_win_pct,2.407057416798386,0.1744572512850387
away_last3_point_diff,2.3383747747966512,-1.1446344296516109
away_last3_net_rating,2.283652826391104,-1.219026243263702
away_last5_fg_pct,2.2801817790096184,-0.04789404065542518
away_form_shrunk,2.257222485605915,-1.539389118463606
away_last10_point_diff,2.2240557485763364,-1.7004457260554593
away_elo,2.219747832088599,-0.8499199179063971
away_last10_net_rating,2.2195960336306864,-1.7296036203044751
away_last5_net_rating,2.2134875549703192,-1.3260563377313637
away_last5_point_diff,2.213316051680359,-1.3139498605107405
away_last5_ppg,2.0837340085360747,0.3813480841566566
away_season_win_pct,2.046189023393278,0.3089428034532994
away_streak,2.002368537497944,-0.06237708821525506
away_net_shrunk,1.9882878249187352,-1.4344253153680167
home_team_home_point_diff,1.878064251064234,0.3574956805916588
diff_team_home_ppg,-1.7632080470415405,0.24584474283585875
home_team_home_fg_pct,1.7310531919386498,0.45202027390034843
away_team_road_fg_pct,1.6764714220852117,-0.06316067927021665
diff_elo,-1.658348244994322,1.1760313348992206
elo_diff,-1.6583482449943194,1.1760313348992208
home_last10_ast,1.6547926992682793,-0.05858748736882747
elo_win_prob,-1.6393508160416255,0.9421610243127538
diff_last10_win_pct,-1.6291008896310772,1.0223838202585271
away_last10_defensive_rating,-1.6188379525726657,2.2513080258470115
diff_last5_ppg,-1.5962841058960302,0.6987840159468299
home_back_to_back,1.5783236926150317,-1.4769767682200796
away_team_road_point_diff,1.541202403493096,-1.5299816163313773
diff_streak,-1.493625950056496,0.2926774014277823
spread_vs_ml,1.4828942092618476,0.7814789239039079
diff_weighted_recent_form,-1.4251724769720668,-0.03274034301285232
diff_last5_win_pct,-1.4152576950220312,0.6498125015428717
away_last10_ppg,1.4082640639172763,0.6686013816879881
away_last10_fg_pct,1.3920605480572648,0.29343547536917025
month,1.358614045815412,0.6554646033079884
diff_season_diff,-1.3560792791413836,1.508684960558048
diff_form_diff_ewm,-1.32266632835989,1.7555627349540552
home_last3_pace,-1.3202366759882938,0.15546066115204893
diff_last10_ppg,-1.3113967337495895,0.013403060931258239
away_back_to_back,1.3039566462331618,-0.5290366857732286
spread,1.2697649870283458,-1.5324556420978772
away_games_last5d,1.2414058135317754,1.1044999599471388
home_team_home_win_pct,1.2069065489774493,-0.13083915738933624
diff_season_win_pct,-1.2019706118961784,0.12524298545732415
away_last10_offensive_rating,1.1935308166843284,-0.38650401291601494
diff_last10_net_rating,-1.1817776592040485,2.010820769389581
away_team_road_win_pct,1.1795522374505008,-0.643943299812798
diff_last10_point_diff,-1.1638296896565947,1.9962988170471154
diff_last10_pace,-1.1386859854655649,-1.2276948329089858
form_diff,-1.123682951464133,1.7355556534397647
diff_form_shrunk,-1.1236829514641324,1.735555653439765
home_games_last5d,1.1118148988889727,0.789709139663193
net_diff,-1.092988222918094,1.5304500664302974
diff_net_shrunk,-1.092988222918094,1.530450066430298
diff_last5_fg_pct,-1.088941058133727,1.8415267680450778
away_last10_opp_ppg,-1.0826316170504966,2.669167680269314
home_form_acceleration,1.068232924040048,-0.12789969158722422
home_games_played,-1.063276718991969,-1.4917946803278102
away_last10_tov,1.053249781883575,1.550906726118069
home_last5_point_diff,1.0351649291698939,1.031352746414948
away_games_played,-1.0320965308497716,-1.4680525115893395
diff_last3_point_diff,-1.0311220913825663,1.672020538103682
home_last5_net_rating,1.0219827731793232,1.0164954917018447
home_last10_opp_ppg,-1.0211951018167609,-0.6536528729963765
weekday,-1.0162666102257603,-0.7237306919423208
diff_last3_net_rating,-1.0138580803264192,1.7493986919915678
home_last3_win_pct,0.9762159805167029,0.32840634831289567
playoffs,-0.9484084995601653,-0.4540260950859001
season_day,-0.9253223166895223,-1.466903631390944
diff_last3_win_pct,-0.9144999778213911,0.1087557351447414
home_last10_pace,-0.8988794163761676,0.20750818374645916
diff_last10_defensive_rating,0.8699889352584622,-2.3427554027422923
away_form_acceleration,0.8520735811785783,0.9973209500687557
diff_last5_net_rating,-0.8401242209788967,1.6419821796084246
home_last3_point_diff,0.8345295870424739,1.2586264185953608
home_form_diff_ewm,0.8316750298978156,1.1783478157580292
diff_last5_point_diff,-0.8299064036764682,1.6440096676227005
away_rest_days,-0.8118865183673234,-0.034034769098698986
home_last3_net_rating,0.8050807660105781,1.2957357265744354
away_last10_three_point_rate,0.7909577046542727,-0.9622500830500582
diff_last10_offensive_rating,-0.7800540936755633,0.7766388282042044
diff_last3_pace,-0.7608642913111678,-1.5037857461343744
home_last3_ppg,-0.759813297556673,1.026709839398841
diff_last10_ast,0.731333390326616,-0.18490462965702265
away_last10_ast,0.7267488861450487,0.19906505529068255
home_last5_fg_pct,0.7245615596579293,2.519185445165482
away_last10_fg3_pct,0.7189661667589254,-0.6732792183526862
diff_last5_pace,-0.7156540352107292,-1.0907138622196213
diff_last10_three_point_rate,-0.7017829083416505,-0.12161898790063194
home_team_home_ppg,0.6981321374286862,-0.264063824849041
diff_last10_fg_pct,-0.6948392503118285,0.9570459950168384
home_form_shrunk,0.6747327608409543,0.9070662060561285
away_last10_reb,0.6708931305772047,0.018745580932257394
home_season_diff,0.6421763246723448,0.9976132804935633
home_last10_tov,0.6122533353338798,0.5458126217650696
home_last10_point_diff,0.6001364397555166,1.0951981407779927
diff_games_played,-0.5883122717353079,-0.3726177505810207
home_last10_defensive_rating,-0.5867410611273608,-0.9636856829346896
rest_diff,0.5747772452289273,0.09315389773549314
diff_rest_days,0.5747772452289273,0.09315389773549314
home_last10_net_rating,0.5712205159088548,1.0864382437597826
home_last5_pace,-0.5603770694087754,0.4987836021484779
away_last10_pace,0.533924200106317,1.798206335667171
elo_gap,-0.5141622531489941,-0.38187873920099935
playin,0.49622209018773067,0.900511695686473
home_last5_win_pct,0.48675516092788845,0.33726651588910583
home_net_shrunk,0.4671928771071391,0.683710531431963
home_last10_reb,0.4353261072616319,0.4360610066954262
diff_last10_fg3_pct,-0.3843194978155625,-0.25934891065517185
home_weighted_recent_form,0.38178279570791257,0.17272630303340358
home_last10_fg_pct,0.3805857032390334,1.639377561772726
home_season_win_pct,0.3804877116503358,0.5238295263509095
away_last3_pace,-0.37718164455598374,2.1009076097988664
diff_last10_tov,-0.3690864520339657,-0.7546006058290836
home_last10_ppg,-0.3657880210526809,0.6993543249642512
away_last5_pace,0.32900832446253814,1.923531790000052
diff_team_home_point_diff,0.29276629591645265,1.3463964207053016
home_last10_win_pct,0.27833414097847914,0.626548050240346
home_rest_days,-0.26842658997761265,0.04936498196186332
home_last3_fg_pct,-0.21675343771818392,2.5024545735639867
diff_last10_reb,-0.21118115670067178,0.2920650753115413
home_last10_three_point_rate,-0.1882839265035716,-1.1098477676563354
home_streak,-0.18572915723084255,0.36213438135319487
diff_form_acceleration,0.16484201556571984,-0.7717223189077054
neutral,0.1449394398510654,-0.9293377990184258
home_last10_offensive_rating,0.1422096007523481,0.6722680532653051
home_last10_fg3_pct,0.10486447777722449,-1.0397309828537196
g5_diff,-0.09925534782276013,-0.27553487684137684
diff_games_last5d,-0.09925534782275965,-0.27553487684137673
diff_team_home_fg_pct,-0.09919578786976414,0.37525469909410186
home_last5_ppg,-0.09569343828847238,1.3127481246806962
total,0.09360422724267098,1.452673382436445
vig,-0.09165419230259825,-1.5722985749542966
diff_team_home_win_pct,0.08730971394663209,0.35335733325543206
diff_last10_opp_ppg,0.0652067919434722,-2.490421337627505
b2b_diff,0.059730550537777885,-0.7157437083450523
diff_back_to_back,0.059730550537777885,-0.7157437083450523
home_elo,-0.046648897822077505,0.7570463178398955
