feature,gain,splits,gain_share
diff_last10_opp_fg3_pct,1952.9586029052734,170,0.07705790161740092
home_net_shrunk,964.3893413543701,92,0.03805191716629523
home_team_home_point_diff,667.2981499433517,63,0.026329587893626518
away_last10_three_point_rate,615.1020631790161,63,0.024270086523389543
away_last3_fg_pct,609.9157316684723,68,0.02406544940373929
diff_last10_three_point_rate,548.8404886722565,63,0.021655603102307203
away_team_road_ppg,529.8679897785187,59,0.020907005077231294
home_last10_opp_fg3_pct,525.2514210939407,55,0.020724849093496173
away_last10_opp_fg3_pct,513.604238986969,51,0.020265286145472683
diff_last3_fg_pct,499.99063086509705,52,0.019728133912060013
diff_last3_ppg,488.2756097316742,52,0.019265894239082745
vig,478.6125907897949,52,0.018884620431310933
diff_team_home_point_diff,461.9761219024658,52,0.018228195158970974
diff_team_home_ppg,440.3720998764038,49,0.017375765106768176
home_last5_fg_pct,439.1792377233505,52,0.017328698336230203
diff_last10_ast,413.37518894672394,48,0.016310547798373487
home_last10_defensive_rating,338.7118194103241,38,0.013364554690480349
diff_last10_fg3_pct,337.7934880256653,40,0.013328320082442094
away_last10_tov,337.11663818359375,38,0.013301613613363582
home_season_diff,334.5237309932709,38,0.013199305255737507
spread_vs_ml,334.15555930137634,37,0.013184778302646891
elo_gap,315.3830190896988,39,0.01244407004872477
home_weighted_recent_form,305.0663492679596,38,0.012037005133493001
home_last5_net_rating,286.3893690109253,31,0.011300067389387375
home_last3_pace,268.6811008453369,31,0.010601352125229445
away_last5_fg_pct,266.88652992248535,28,0.010530543727441171
away_form_diff_ewm,253.0767912864685,24,0.009985652770923635
away_last3_ppg,243.12074899673462,24,0.009592817138811566
home_last10_ast,233.26136946678162,29,0.009203795529906226
diff_last10_reb,226.48986959457397,28,0.008936612410828033
diff_last10_pace,221.89882946014404,25,0.0087554637072794
diff_last10_defensive_rating,219.2245683670044,27,0.00864994536812575
away_weighted_recent_form,217.61167979240417,24,0.00858630561205694
away_last3_net_rating,215.8298820257187,26,0.008516001204783227
away_last3_point_diff,211.08172988891602,24,0.008328653331828882
away_team_road_point_diff,208.02141880989075,24,0.00820790261561024
away_last10_win_pct,203.17062997817993,18,0.008016505005847956
home_last10_opp_ppg,202.20920133590698,22,0.007978569909006574
away_last3_pace,200.23810005187988,24,0.007900796151489883
away_team_road_fg_pct,199.7296506166458,24,0.0078807342584731
diff_last10_offensive_rating,190.84495541080832,24,0.0075301707759427815
home_last3_ppg,190.5837001800537,23,0.00751986242642704
diff_last5_fg_pct,188.71657848358154,22,0.0074461913922430935
away_last10_fg3_pct,187.81489086151123,21,0.007410613497264799
diff_season_diff,177.181018948555,21,0.006991032736842315
home_elo,176.08873891830444,19,0.006947934635845967
home_last3_net_rating,174.53658986091614,19,0.006886691479343909
diff_team_home_win_pct,173.74324131011963,22,0.006855388319878756
diff_last5_net_rating,173.638108253479,18,0.006851240084108014
diff_last10_tov,168.48703026771545,24,0.006647993963038145
diff_last10_fg_pct,166.1499104499817,20,0.006555778209608915
home_last10_three_point_rate,165.96301078796387,20,0.006548403708302707
away_last5_ppg,164.08116006851196,19,0.006474151510953292
home_last5_point_diff,161.8907791376114,19,0.006387725634835449
home_last5_pace,159.11086988449097,18,0.006278038735474866
diff_last3_pace,155.9978015422821,22,0.006155206375543982
away_elo,152.20117926597595,17,0.006005403023127391
home_last3_point_diff,147.62460947036743,16,0.005824825275841533
away_last10_reb,146.834259390831,19,0.00579364042707842
diff_last5_ppg,145.2118592262268,17,0.005729625372134528
away_last10_ast,142.67410945892334,18,0.005629493361344571
away_season_win_pct,139.3843116760254,15,0.005499687786603471
home_form_acceleration,137.25314855575562,17,0.005415598468064881
home_last10_reb,130.90746974945068,17,0.005165216973841478
home_season_win_pct,129.28483986854553,17,0.005101192854979851
away_last10_pace,128.46646976470947,16,0.005068902419916759
away_last10_offensive_rating,125.18473970890045,14,0.004939415173541334
away_last10_point_diff,124.34897041320801,14,0.004906438218440235
home_last3_fg_pct,118.49667000770569,16,0.00467552395931984
diff_last5_pace,118.42498850822449,16,0.004672695621880125
away_last10_net_rating,116.18623924255371,13,0.004584361276029961
season_day,114.46314930915833,18,0.004516373304155907
diff_last3_point_diff,113.70684003829956,13,0.004486531603825206
diff_last3_net_rating,113.2143292427063,14,0.004467098601827174
away_season_diff,112.9926404953003,12,0.004458351427329013
diff_form_diff_ewm,112.22102069854736,13,0.004427905619468174
away_last10_fg_pct,103.20850038528442,14,0.0040722985407563635
away_net_shrunk,102.9738495349884,14,0.004063039920471401
mkt_logit,102.32148933410645,12,0.004037299739341148
home_team_home_fg_pct,101.87439918518066,14,0.004019658900124801
home_games_played,100.48507881164551,14,0.003964840476170673
home_last10_tov,99.18706965446472,14,0.003913624919535869
away_last10_defensive_rating,98.4602030813694,15,0.0038849449399422243
away_last10_opp_ppg,94.78684973716736,14,0.0037400054106647563
diff_last5_point_diff,93.41036128997803,11,0.003685693296120591
home_last10_offensive_rating,93.22070002555847,12,0.003678209830248589
away_last5_pace,90.5087399482727,12,0.0035712040020068002
home_form_shrunk,90.27211999893188,10,0.003561867686966689
diff_last10_opp_ppg,89.91078996658325,12,0.0035476106852858993
home_last10_fg_pct,88.40976977348328,12,0.003488384920749179
away_form_acceleration,87.36408019065857,11,0.0034471251393714394
home_last10_pace,87.35210037231445,13,0.0034466524515930188
away_form_shrunk,87.05166935920715,11,0.0034347983429516993
diff_net_shrunk,85.9379853606224,11,0.0033908557054231044
diff_season_win_pct,84.51913070678711,12,0.003334871947159113
diff_form_acceleration,81.63217949867249,10,0.0032209614926117444
away_last10_ppg,79.16094958782196,10,0.0031234541562754734
home_team_home_ppg,77.09297966957092,11,0.0030418582523626743
diff_team_home_fg_pct,75.29008948802948,13,0.0029707216015245424
diff_last10_net_rating,74.43953943252563,8,0.0029371614418774363
home_games_last5d,74.12680149078369,9,0.002924821738664614
away_last5_net_rating,73.64227104187012,10,0.002905703617262822
home_last5_ppg,69.04491877555847,9,0.0027243058558812094
spread,63.31546974182129,6,0.0024982389442186445
month,58.8012900352478,7,0.0023201229231238135
diff_form_shrunk,56.551701068878174,7,0.002231360875125344
diff_weighted_recent_form,56.46181011199951,7,0.002227814046994351
home_last10_fg3_pct,55.69147062301636,7,0.0021974187562463767
home_last10_ppg,55.29450035095215,7,0.0021817554973712267
form_diff,53.933279514312744,6,0.0021280457970461538
diff_last10_ppg,53.88120985031128,8,0.002125991283939779
diff_elo,53.569519996643066,7,0.0021136929351456076
home_form_diff_ewm,51.0149188041687,5,0.002012896017551685
diff_last10_point_diff,49.05111026763916,6,0.001935410010025367
away_games_played,48.144920110702515,8,0.001899654458496522
away_last5_point_diff,47.02412986755371,6,0.0018554314298251393
weekday,44.00022029876709,6,0.001736117008257352
diff_streak,43.9777398109436,5,0.001735229995487887
home_last5_win_pct,40.24615001678467,4,0.0015879926301863227
home_last10_point_diff,36.50976037979126,5,0.0014405658774515747
total,36.093939542770386,7,0.0014241588316995795
net_diff,33.46314978599548,5,0.0013203557413770041
g5_diff,31.771329879760742,4,0.0012536015911891517
away_team_road_win_pct,31.412209510803223,5,0.0012394317762126508
diff_last5_win_pct,26.913910388946533,3,0.0010619423554630158
away_games_last5d,25.717140197753906,3,0.0010147213854361191
home_last10_net_rating,25.33156943321228,4,0.000999507917011138
diff_games_last5d,23.663179397583008,3,0.0009336782393959959
home_last3_win_pct,23.392460346221924,4,0.0009229964758426339
diff_rest_days,19.994699478149414,3,0.0007889310008746087
away_rest_days,18.780059814453125,2,0.0007410049549428295
elo_win_prob,16.854249954223633,2,0.0006650182614601194
diff_last10_win_pct,13.290630340576172,2,0.00052440849677705
diff_games_played,12.418479919433594,2,0.0004899960513478423
home_streak,11.692019939422607,2,0.00046133211470044533
home_back_to_back,10.803000450134277,1,0.00042625406632828796
home_team_home_win_pct,10.437060117721558,2,0.00041181515600476683
home_rest_days,10.146499633789062,1,0.00040035050890396975
line_move,8.222180366516113,1,0.00032442262975824863
home_last10_win_pct,7.5990400314331055,2,0.0002998353770826272
elo_diff,7.2541399002075195,1,0.0002862266501284189
away_last5_win_pct,6.792990207672119,1,0.0002680310633989182
away_streak,6.251239776611328,1,0.0002466552127506943
away_last3_win_pct,0.0,0,0.0
spread_missing,0.0,0,0.0
diff_back_to_back,0.0,0,0.0
rest_diff,0.0,0,0.0
playoffs,0.0,0,0.0
playin,0.0,0,0.0
neutral,0.0,0,0.0
b2b_diff,0.0,0,0.0
diff_last3_win_pct,0.0,0,0.0
away_back_to_back,0.0,0,0.0
