tag,mode,season,model,term,coef_std,coef_raw
main,close,2022-23,C1_logit_inter,mkt_logit,-0.0438823786937596,-0.046923530916167154
main,close,2022-23,C1_logit_inter,rest_diff,0.002065232672567535,0.002244390871736204
main,close,2022-23,C1_logit_inter,mkt_x_rest_diff,-0.008701318324782506,-0.009446207209243922
main,close,2022-23,C1_logit_inter,b2b_diff,-8.874444050510188e-05,-0.00018100382748268285
main,close,2022-23,C1_logit_inter,mkt_x_b2b_diff,0.0021864302307641006,0.004373031477210769
main,close,2022-23,C1_logit_inter,early_season,0.00568800828896129,0.014524614276841418
main,close,2022-23,C1_logit_inter,mkt_x_early_season,0.0060239879204154086,0.014636936128270876
main,close,2022-23,C1_logit_inter,late_season,-0.000277337479064801,-0.0006596368983458179
main,close,2022-23,C1_logit_inter,mkt_x_late_season,0.00013256711369409466,0.0002666300050663634
main,close,2022-23,C1_logit_inter,playoffs,-0.0030773118745255268,-0.011998228031598454
main,close,2022-23,C1_logit_inter,mkt_x_playoffs,-0.00287263894967809,-0.012510012056707537
main,close,2022-23,C1_logit_inter,fav_home,-0.0010000191549767658,-0.0020622099671484925
main,close,2022-23,C1_logit_inter,mkt_x_fav_home,-0.00017817844332046936,-0.0002773449582034294
main,close,2022-23,C2_logit_inter_plus,mkt_logit,-0.041620481006968725,-0.044504878391060716
main,close,2022-23,C2_logit_inter_plus,rest_diff,0.0021662254075546557,0.0023541446905323065
main,close,2022-23,C2_logit_inter_plus,mkt_x_rest_diff,-0.008615976601353624,-0.009353559684695008
main,close,2022-23,C2_logit_inter_plus,b2b_diff,-7.718180782612857e-05,-0.00015742059501472677
main,close,2022-23,C2_logit_inter_plus,mkt_x_b2b_diff,0.002133614967023158,0.00426739681868539
main,close,2022-23,C2_logit_inter_plus,early_season,0.005719755934142171,0.014605683480159073
main,close,2022-23,C2_logit_inter_plus,mkt_x_early_season,0.006072597302752047,0.014755045997330345
main,close,2022-23,C2_logit_inter_plus,late_season,-0.00024380445485879226,-0.0005798798451195624
main,close,2022-23,C2_logit_inter_plus,mkt_x_late_season,5.959713650437754e-05,0.00011986671781035232
main,close,2022-23,C2_logit_inter_plus,playoffs,-0.003140974316728449,-0.012246443529326285
main,close,2022-23,C2_logit_inter_plus,mkt_x_playoffs,-0.002924354426009415,-0.012735227004968177
main,close,2022-23,C2_logit_inter_plus,fav_home,-0.0012456345422781282,-0.0025687107649153863
main,close,2022-23,C2_logit_inter_plus,mkt_x_fav_home,-0.00015277281382683128,-0.0002377996399329594
main,close,2022-23,C2_logit_inter_plus,elo_gap,-0.0016688488632936118,-0.0029024534229946477
main,close,2022-23,C2_logit_inter_plus,net_diff,-0.00017574651163631953,-3.357050580980441e-05
main,close,2022-23,C2_logit_inter_plus,form_diff,0.00015831219004512344,2.3798696324991467e-05
main,close,2022-23,C2_logit_inter_plus,g5_diff,0.0017601683085924284,0.0023866598751578565
main,close,2022-23,C2_logit_inter_plus,diff_last10_net_rating,0.0008776439183435094,9.913021880827373e-05
main,close,2022-23,C2_logit_inter_plus,diff_last5_net_rating,0.001205965507908358,0.00011063322269300403
main,close,2022-23,C2_logit_inter_plus,diff_streak,-0.006728705706769281,-0.0015665331299568707
main,close,2022-23,C2_logit_inter_plus,diff_team_home_win_pct,0.0031334849123949237,0.012363707653980063
main,close,2022-23,C2_logit_inter_plus,diff_last10_fg3_pct,-0.00222890275395815,-0.05334446875169459
main,close,2022-23,C2_logit_inter_plus,diff_season_win_pct,-0.0010129513924681,-0.004201420395120055
main,close,2022-23,C2_logit_inter_plus,diff_last10_pace,-0.005371295156877972,-0.0013803973972453117
main,close,2022-23,C2_logit_inter_plus,vig,-0.009875207907854542,-1.6389103843793162
main,close,2022-23,C2_logit_inter_plus,min_games_played,-9.32548513004925e-05,-3.777057242328477e-06
main,close,2022-23,C2_logit_inter_plus,spread_vs_ml,0.0015703558796911988,0.013845337828367336
main,close,2022-23,C2_logit_inter_plus,line_move,0.0,0.0
main,close,2022-23,C1o_logit_inter_offset,mkt_logit,-6.454215475580379e-05,-6.901507812999858e-05
main,close,2022-23,C1o_logit_inter_offset,rest_diff,1.2650691809021415e-05,1.3748134820091148e-05
main,close,2022-23,C1o_logit_inter_offset,mkt_x_rest_diff,-0.00010756628829865075,-0.00011677465529612406
main,close,2022-23,C1o_logit_inter_offset,b2b_diff,8.28031040507754e-06,1.6888583302044203e-05
main,close,2022-23,C1o_logit_inter_offset,mkt_x_b2b_diff,3.782800741236385e-05,7.565897361226035e-05
main,close,2022-23,C1o_logit_inter_offset,early_season,7.071149989576325e-05,0.00018056535939233457
main,close,2022-23,C1o_logit_inter_offset,mkt_x_early_season,4.59101185734369e-05,0.00011155126505539192
main,close,2022-23,C1o_logit_inter_offset,late_season,-2.785255399422131e-06,-6.624626570383133e-06
main,close,2022-23,C1o_logit_inter_offset,mkt_x_late_season,-3.1253497725567616e-05,-6.285963407288755e-05
main,close,2022-23,C1o_logit_inter_offset,playoffs,-4.457303203101838e-05,-0.00017378719615487718
main,close,2022-23,C1o_logit_inter_offset,mkt_x_playoffs,-5.243009708796913e-05,-0.0002283270394207881
main,close,2022-23,C1o_logit_inter_offset,fav_home,-7.229767960392747e-05,-0.00014909013966276627
main,close,2022-23,C1o_logit_inter_offset,mkt_x_fav_home,-5.5710841068159766e-05,-8.671711683851952e-05
main,close,2022-23,C2o_logit_inter_plus_offset,mkt_logit,-6.412536506852175e-05,-6.856940393550694e-05
main,close,2022-23,C2o_logit_inter_plus_offset,rest_diff,1.2669180978064773e-05,1.3768227917967288e-05
main,close,2022-23,C2o_logit_inter_plus_offset,mkt_x_rest_diff,-0.00010750625709643274,-0.00011670948503639959
main,close,2022-23,C2o_logit_inter_plus_offset,b2b_diff,8.286328922450854e-06,1.6900858715288578e-05
main,close,2022-23,C2o_logit_inter_plus_offset,mkt_x_b2b_diff,3.77829769225426e-05,7.556890911047485e-05
main,close,2022-23,C2o_logit_inter_plus_offset,early_season,7.07137354221695e-05,0.0001805710679210685
main,close,2022-23,C2o_logit_inter_plus_offset,mkt_x_early_season,4.6076278213162615e-05,0.00011195499561825037
main,close,2022-23,C2o_logit_inter_plus_offset,late_season,-2.7771004265392797e-06,-6.60523027011864e-06
main,close,2022-23,C2o_logit_inter_plus_offset,mkt_x_late_season,-3.106485338981283e-05,-6.248021689470184e-05
main,close,2022-23,C2o_logit_inter_plus_offset,playoffs,-4.456708138793099e-05,-0.00017376399500542976
main,close,2022-23,C2o_logit_inter_plus_offset,mkt_x_playoffs,-5.2352765583769404e-05,-0.00022799026961892687
main,close,2022-23,C2o_logit_inter_plus_offset,fav_home,-7.19705850695744e-05,-0.0001484156149743283
main,close,2022-23,C2o_logit_inter_plus_offset,mkt_x_fav_home,-5.5328402390424186e-05,-8.612182911956029e-05
main,close,2022-23,C2o_logit_inter_plus_offset,elo_gap,-6.432470779976712e-06,-1.118732034056683e-05
main,close,2022-23,C2o_logit_inter_plus_offset,net_diff,-5.617005009259699e-05,-1.0729413491134382e-05
main,close,2022-23,C2o_logit_inter_plus_offset,form_diff,-4.994912497727655e-05,-7.508733576955958e-06
main,close,2022-23,C2o_logit_inter_plus_offset,g5_diff,2.6108637848439632e-05,3.5401409083276045e-05
main,close,2022-23,C2o_logit_inter_plus_offset,diff_last10_net_rating,-3.966650666557029e-05,-4.480347214778727e-06
main,close,2022-23,C2o_logit_inter_plus_offset,diff_last5_net_rating,-3.078367223919156e-05,-2.824041685946566e-06
main,close,2022-23,C2o_logit_inter_plus_offset,diff_streak,-0.00010559607758289196,-2.458418619210512e-05
main,close,2022-23,C2o_logit_inter_plus_offset,diff_team_home_win_pct,-9.204262270152855e-06,-3.6317011589423063e-05
main,close,2022-23,C2o_logit_inter_plus_offset,diff_last10_fg3_pct,-4.694226745149152e-05,-0.0011234722173288664
main,close,2022-23,C2o_logit_inter_plus_offset,diff_season_win_pct,-5.865615031350415e-05,-0.00024328822494228895
main,close,2022-23,C2o_logit_inter_plus_offset,diff_last10_pace,-6.213714167139737e-05,-1.5968950901092473e-05
main,close,2022-23,C2o_logit_inter_plus_offset,vig,-0.00012358534537905958,-0.020510485226113026
main,close,2022-23,C2o_logit_inter_plus_offset,min_games_played,-1.3354938462432388e-05,-5.409087713607774e-07
main,close,2022-23,C2o_logit_inter_plus_offset,spread_vs_ml,4.648257170639696e-05,0.0004098223318225985
main,close,2022-23,C2o_logit_inter_plus_offset,line_move,0.0,0.0
main,close,2023-24,C1_logit_inter,mkt_logit,-0.08706744327575677,-0.09531713826537284
main,close,2023-24,C1_logit_inter,rest_diff,0.06723746098200553,0.07315614190342877
main,close,2023-24,C1_logit_inter,mkt_x_rest_diff,-0.11275761007639573,-0.12548818874880568
main,close,2023-24,C1_logit_inter,b2b_diff,0.038382359001171956,0.07898185432580554
main,close,2023-24,C1_logit_inter,mkt_x_b2b_diff,-0.0595379718727901,-0.12213250441836372
main,close,2023-24,C1_logit_inter,early_season,0.03897021432516297,0.09730017428727741
main,close,2023-24,C1_logit_inter,mkt_x_early_season,0.03406580545618181,0.08345563988827663
main,close,2023-24,C1_logit_inter,late_season,-0.010550634773271663,-0.025105977307345432
main,close,2023-24,C1_logit_inter,mkt_x_late_season,0.014593013033658793,0.029369502252255018
main,close,2023-24,C1_logit_inter,playoffs,-0.0071929642384404415,-0.0280995610510142
main,close,2023-24,C1_logit_inter,mkt_x_playoffs,-0.025497598035020382,-0.1122048283738192
main,close,2023-24,C1_logit_inter,fav_home,0.03547719560787186,0.07337757645246462
main,close,2023-24,C1_logit_inter,mkt_x_fav_home,-0.003913359818268236,-0.006243937200150037
main,close,2023-24,C2_logit_inter_plus,mkt_logit,-0.055071201438168044,-0.06028923239765866
main,close,2023-24,C2_logit_inter_plus,rest_diff,0.003682181641439002,0.004006311344020015
main,close,2023-24,C2_logit_inter_plus,mkt_x_rest_diff,-0.007949629259591369,-0.008847159640353718
main,close,2023-24,C2_logit_inter_plus,b2b_diff,-0.00034900381013325656,-0.0007181676376445311
main,close,2023-24,C2_logit_inter_plus,mkt_x_b2b_diff,0.0015179210211148358,0.0031137690785661477
main,close,2023-24,C2_logit_inter_plus,early_season,0.008180110593659898,0.020423962255152004
main,close,2023-24,C2_logit_inter_plus,mkt_x_early_season,0.00539832325013655,0.013225007162780956
main,close,2023-24,C2_logit_inter_plus,late_season,-0.002516832207800852,-0.0059889792086747
main,close,2023-24,C2_logit_inter_plus,mkt_x_late_season,0.0005677891991470222,0.0011427171431075997
main,close,2023-24,C2_logit_inter_plus,playoffs,-0.003514413425046745,-0.013729176362069107
main,close,2023-24,C2_logit_inter_plus,mkt_x_playoffs,-0.004834174233622644,-0.021273285800010224
main,close,2023-24,C2_logit_inter_plus,fav_home,0.00229824443847168,0.00475346498224873
main,close,2023-24,C2_logit_inter_plus,mkt_x_fav_home,-0.0005942668282277119,-0.0009481787844462011
main,close,2023-24,C2_logit_inter_plus,elo_gap,-0.0043046239346747365,-0.00755363927756553
main,close,2023-24,C2_logit_inter_plus,net_diff,0.000503647569818502,9.98892567168523e-05
main,close,2023-24,C2_logit_inter_plus,form_diff,-8.11365443628151e-05,-1.246526344161168e-05
main,close,2023-24,C2_logit_inter_plus,g5_diff,-0.000815328587849263,-0.0011053248352518737
main,close,2023-24,C2_logit_inter_plus,diff_last10_net_rating,-0.0006979986004278235,-8.076578130210124e-05
main,close,2023-24,C2_logit_inter_plus,diff_last5_net_rating,0.0005166517158211676,4.8027771733852244e-05
main,close,2023-24,C2_logit_inter_plus,diff_streak,-0.004364059108935682,-0.0010128466667394273
main,close,2023-24,C2_logit_inter_plus,diff_team_home_win_pct,0.005565211325213253,0.02249022266796415
main,close,2023-24,C2_logit_inter_plus,diff_last10_fg3_pct,0.00035994241548231417,0.008561462876805646
main,close,2023-24,C2_logit_inter_plus,diff_season_win_pct,-0.0009169996607566418,-0.0038533189511769147
main,close,2023-24,C2_logit_inter_plus,diff_last10_pace,-0.005935328845977802,-0.0015547039809195742
main,close,2023-24,C2_logit_inter_plus,vig,-0.0003414599008025642,-0.038959787908891284
main,close,2023-24,C2_logit_inter_plus,min_games_played,-0.003444780013615613,-0.00013788330279933828
main,close,2023-24,C2_logit_inter_plus,spread_vs_ml,0.004801369797789509,0.042989282994124606
main,close,2023-24,C2_logit_inter_plus,line_move,0.0,0.0
main,close,2023-24,C1o_logit_inter_offset,mkt_logit,-0.08654359113287961,-0.0947436508026126
main,close,2023-24,C1o_logit_inter_offset,rest_diff,0.06724362375387619,0.07316284716277235
main,close,2023-24,C1o_logit_inter_offset,mkt_x_rest_diff,-0.1127734653239023,-0.125505834088135
main,close,2023-24,C1o_logit_inter_offset,b2b_diff,0.038399269298709286,0.07901665173512211
main,close,2023-24,C1o_logit_inter_offset,mkt_x_b2b_diff,-0.05956680346705448,-0.12219164776341092
main,close,2023-24,C1o_logit_inter_offset,early_season,0.038972471466248416,0.09730580987909564
main,close,2023-24,C1o_logit_inter_offset,mkt_x_early_season,0.03403060630911119,0.0833694077471908
main,close,2023-24,C1o_logit_inter_offset,late_season,-0.010531442790772103,-0.025060308635509915
main,close,2023-24,C1o_logit_inter_offset,mkt_x_late_season,0.014523157480972338,0.02922891286148114
main,close,2023-24,C1o_logit_inter_offset,playoffs,-0.007190084904176154,-0.028088312833135787
main,close,2023-24,C1o_logit_inter_offset,mkt_x_playoffs,-0.02551715972468028,-0.11229091162087548
main,close,2023-24,C1o_logit_inter_offset,fav_home,0.03533717044435187,0.07308796204057529
main,close,2023-24,C1o_logit_inter_offset,mkt_x_fav_home,-0.004237824492524787,-0.006761634816471343
main,close,2023-24,C2o_logit_inter_plus_offset,mkt_logit,-0.0020799948509302737,-0.0022770756707471635
main,close,2023-24,C2o_logit_inter_plus_offset,rest_diff,0.0010931170493930955,0.001189340358998092
main,close,2023-24,C2o_logit_inter_plus_offset,mkt_x_rest_diff,-0.003147011540811019,-0.003502315967502335
main,close,2023-24,C2o_logit_inter_plus_offset,b2b_diff,0.00011024200498539681,0.00022685208009428184
main,close,2023-24,C2o_logit_inter_plus_offset,mkt_x_b2b_diff,0.0008936316358587631,0.0018331405367334917
main,close,2023-24,C2o_logit_inter_plus_offset,early_season,0.003232814444763835,0.008071636616862093
main,close,2023-24,C2o_logit_inter_plus_offset,mkt_x_early_season,0.0012498125140889818,0.0030618358118035937
main,close,2023-24,C2o_logit_inter_plus_offset,late_season,-0.0009901130807621404,-0.0023560436951427133
main,close,2023-24,C2o_logit_inter_plus_offset,mkt_x_late_season,-0.0008331501959958586,-0.0016767754884703275
main,close,2023-24,C2o_logit_inter_plus_offset,playoffs,-0.0015858535717374759,-0.006195191270222121
main,close,2023-24,C2o_logit_inter_plus_offset,mkt_x_playoffs,-0.002361931291430933,-0.010393923961847771
main,close,2023-24,C2o_logit_inter_plus_offset,fav_home,-0.001011374990707698,-0.0020918295381357095
main,close,2023-24,C2o_logit_inter_plus_offset,mkt_x_fav_home,-0.0020509250306063524,-0.003272340824255915
main,close,2023-24,C2o_logit_inter_plus_offset,elo_gap,-0.0008758172050298946,-0.0015368606736098909
main,close,2023-24,C2o_logit_inter_plus_offset,net_diff,-0.0014609012580719415,-0.0002897429662136728
main,close,2023-24,C2o_logit_inter_plus_offset,form_diff,-0.0014846608561213098,-0.00022809313409066607
main,close,2023-24,C2o_logit_inter_plus_offset,g5_diff,-0.00019239354981824512,-0.0002608241289776666
main,close,2023-24,C2o_logit_inter_plus_offset,diff_last10_net_rating,-0.0016243147221065375,-0.00018795030180723918
main,close,2023-24,C2o_logit_inter_plus_offset,diff_last5_net_rating,-0.0010002330092862203,-9.298132800025537e-05
main,close,2023-24,C2o_logit_inter_plus_offset,diff_streak,-0.0023731396679587593,-0.0005507777375145002
main,close,2023-24,C2o_logit_inter_plus_offset,diff_team_home_win_pct,0.0006416972897377838,0.0025932375409084486
main,close,2023-24,C2o_logit_inter_plus_offset,diff_last10_fg3_pct,-0.00041748207792980025,-0.009930080919022137
main,close,2023-24,C2o_logit_inter_plus_offset,diff_season_win_pct,-0.0017115657685874985,-0.007192160580345253
main,close,2023-24,C2o_logit_inter_plus_offset,diff_last10_pace,-0.0021241963859608822,-0.0005564134125013749
main,close,2023-24,C2o_logit_inter_plus_offset,vig,-0.00017284620135975956,-0.01972135331266159
main,close,2023-24,C2o_logit_inter_plus_offset,min_games_played,-0.0016725399760531042,-6.694631734119829e-05
main,close,2023-24,C2o_logit_inter_plus_offset,spread_vs_ml,0.0025426796209369633,0.02276599770302563
main,close,2023-24,C2o_logit_inter_plus_offset,line_move,0.0,0.0
main,close,2024-25,C1_logit_inter,mkt_logit,-0.027004850081565945,-0.02932870171546976
main,close,2024-25,C1_logit_inter,rest_diff,0.010244749993041615,0.011205930724650226
main,close,2024-25,C1_logit_inter,mkt_x_rest_diff,-0.012751522708070354,-0.014196686199221504
main,close,2024-25,C1_logit_inter,b2b_diff,-0.0025823151315850106,-0.005314225736128929
main,close,2024-25,C1_logit_inter,mkt_x_b2b_diff,0.0033144712114758657,0.006769435990200678
main,close,2024-25,C1_logit_inter,early_season,0.019997241129631794,0.04985834507391795
main,close,2024-25,C1_logit_inter,mkt_x_early_season,0.015102798131327836,0.03792699536004271
main,close,2024-25,C1_logit_inter,late_season,-0.011163960550842131,-0.026330069798418388
main,close,2024-25,C1_logit_inter,mkt_x_late_season,-0.0025014334363742865,-0.004836344592412424
main,close,2024-25,C1_logit_inter,playoffs,-0.004661816465471315,-0.018283394021389607
main,close,2024-25,C1_logit_inter,mkt_x_playoffs,-0.010180765081663096,-0.04537427934062467
main,close,2024-25,C1_logit_inter,fav_home,0.006130911084824974,0.01267856296382983
main,close,2024-25,C1_logit_inter,mkt_x_fav_home,-0.0024283310896950163,-0.0038697942530782283
main,close,2024-25,C2_logit_inter_plus,mkt_logit,-0.040425809618282814,-0.043904576708253026
main,close,2024-25,C2_logit_inter_plus,rest_diff,0.019089220570546024,0.02088020531944648
main,close,2024-25,C2_logit_inter_plus,mkt_x_rest_diff,-0.024225060258087735,-0.02697054983273814
main,close,2024-25,C2_logit_inter_plus,b2b_diff,0.0011245653221696999,0.002314277565869424
main,close,2024-25,C2_logit_inter_plus,mkt_x_b2b_diff,0.0018165515303025573,0.003710102916177883
main,close,2024-25,C2_logit_inter_plus,early_season,0.02781519969293094,0.06935055768943578
main,close,2024-25,C2_logit_inter_plus,mkt_x_early_season,0.024892817596006072,0.06251224238399496
main,close,2024-25,C2_logit_inter_plus,late_season,-0.012985190550578563,-0.030625419355920766
main,close,2024-25,C2_logit_inter_plus,mkt_x_late_season,-0.004429841364775899,-0.008564784902224802
main,close,2024-25,C2_logit_inter_plus,playoffs,-0.004426633609056181,-0.01736101947859879
main,close,2024-25,C2_logit_inter_plus,mkt_x_playoffs,-0.017076363164901385,-0.0761070181023778
main,close,2024-25,C2_logit_inter_plus,fav_home,-0.0010166722006295888,-0.0021024513862486814
main,close,2024-25,C2_logit_inter_plus,mkt_x_fav_home,-0.0025243489681376747,-0.004022808574628931
main,close,2024-25,C2_logit_inter_plus,elo_gap,-0.025138821051712317,-0.044392055121638886
main,close,2024-25,C2_logit_inter_plus,net_diff,0.009373680918009109,0.001800260947731436
main,close,2024-25,C2_logit_inter_plus,form_diff,0.002581112495236845,0.00038481358769100113
main,close,2024-25,C2_logit_inter_plus,g5_diff,0.0013575833010215355,0.0018467542078460049
main,close,2024-25,C2_logit_inter_plus,diff_last10_net_rating,0.0007594617187629892,8.541105590112818e-05
main,close,2024-25,C2_logit_inter_plus,diff_last5_net_rating,0.004544079244019096,0.0004128948898647653
main,close,2024-25,C2_logit_inter_plus,diff_streak,-0.018679136581328526,-0.004202651490242109
main,close,2024-25,C2_logit_inter_plus,diff_team_home_win_pct,0.035922311972480275,0.14519821219321388
main,close,2024-25,C2_logit_inter_plus,diff_last10_fg3_pct,0.0035811913568911447,0.08647486797625788
main,close,2024-25,C2_logit_inter_plus,diff_season_win_pct,-0.014883779096210902,-0.0616609878091984
main,close,2024-25,C2_logit_inter_plus,diff_last10_pace,-0.026760744792762685,-0.0070757348828103875
main,close,2024-25,C2_logit_inter_plus,vig,-0.006338313553166889,-0.7669475309811676
main,close,2024-25,C2_logit_inter_plus,min_games_played,-0.00456446567913244,-0.00018162182241213145
main,close,2024-25,C2_logit_inter_plus,spread_vs_ml,0.030240823443293704,0.27384425806794804
main,close,2024-25,C2_logit_inter_plus,line_move,0.006993367981499242,0.051895535302900905
main,close,2024-25,C1o_logit_inter_offset,mkt_logit,-3.043428660421263e-05,-3.305325195444705e-05
main,close,2024-25,C1o_logit_inter_offset,rest_diff,4.36396787392212e-05,4.773403129699171e-05
main,close,2024-25,C1o_logit_inter_offset,mkt_x_rest_diff,-5.790573152346424e-05,-6.446833985204826e-05
main,close,2024-25,C1o_logit_inter_offset,b2b_diff,-1.797520884592689e-05,-3.69917351654462e-05
main,close,2024-25,C1o_logit_inter_offset,mkt_x_b2b_diff,2.454014747340527e-05,5.0120500952346704e-05
main,close,2024-25,C1o_logit_inter_offset,early_season,0.0001181963178523587,0.00029469429126486197
main,close,2024-25,C1o_logit_inter_offset,mkt_x_early_season,6.811367538900568e-05,0.00017105088924386928
main,close,2024-25,C1o_logit_inter_offset,late_season,-6.614219817831464e-05,-0.00015599559732629807
main,close,2024-25,C1o_logit_inter_offset,mkt_x_late_season,-3.384081383847471e-05,-6.54288195842496e-05
main,close,2024-25,C1o_logit_inter_offset,playoffs,-3.77558287158457e-05,-0.00014807633422053064
main,close,2024-25,C1o_logit_inter_offset,mkt_x_playoffs,-6.118295146031032e-05,-0.00027268405745302794
main,close,2024-25,C1o_logit_inter_offset,fav_home,-5.2519880443937815e-06,-1.0860973219941748e-05
main,close,2024-25,C1o_logit_inter_offset,mkt_x_fav_home,-3.573087925918297e-05,-5.694081494957277e-05
main,close,2024-25,C2o_logit_inter_plus_offset,mkt_logit,-0.008665593822560946,-0.009411295217031983
main,close,2024-25,C2o_logit_inter_plus_offset,rest_diff,0.01880720781885627,0.020571733627989898
main,close,2024-25,C2o_logit_inter_plus_offset,mkt_x_rest_diff,-0.024407876247387276,-0.02717408483727867
main,close,2024-25,C2o_logit_inter_plus_offset,b2b_diff,0.0019633524080480648,0.004040443309308878
main,close,2024-25,C2o_logit_inter_plus_offset,mkt_x_b2b_diff,0.0016888078035945174,0.003449200670864758
main,close,2024-25,C2o_logit_inter_plus_offset,early_season,0.028026639506385103,0.069877732368844
main,close,2024-25,C2o_logit_inter_plus_offset,mkt_x_early_season,0.023051554273630186,0.057888358460160286
main,close,2024-25,C2o_logit_inter_plus_offset,late_season,-0.012611239361993131,-0.029743459871039463
main,close,2024-25,C2o_logit_inter_plus_offset,mkt_x_late_season,-0.007469149876414501,-0.014441072902213378
main,close,2024-25,C2o_logit_inter_plus_offset,playoffs,-0.004634710066927717,-0.01817708418084909
main,close,2024-25,C2o_logit_inter_plus_offset,mkt_x_playoffs,-0.018062567642597664,-0.08050239675015383
main,close,2024-25,C2o_logit_inter_plus_offset,fav_home,-0.007054152158988202,-0.014587801236514148
main,close,2024-25,C2o_logit_inter_plus_offset,mkt_x_fav_home,-0.008156384908954827,-0.012998034568066896
main,close,2024-25,C2o_logit_inter_plus_offset,elo_gap,-0.020869041983085087,-0.036852152300348495
main,close,2024-25,C2o_logit_inter_plus_offset,net_diff,0.0054548957082049265,0.0010476392148747132
main,close,2024-25,C2o_logit_inter_plus_offset,form_diff,0.0001690378214023026,2.5201555774624186e-05
main,close,2024-25,C2o_logit_inter_plus_offset,g5_diff,0.0015657894466816883,0.0021299821875272206
main,close,2024-25,C2o_logit_inter_plus_offset,diff_last10_net_rating,-0.001350018825138274,-0.0001518266562918691
main,close,2024-25,C2o_logit_inter_plus_offset,diff_last5_net_rating,0.0037848286288349885,0.0003439060623594323
main,close,2024-25,C2o_logit_inter_plus_offset,diff_streak,-0.019381776682350017,-0.004360739711012098
main,close,2024-25,C2o_logit_inter_plus_offset,diff_team_home_win_pct,0.03301590707586494,0.13345050521874513
main,close,2024-25,C2o_logit_inter_plus_offset,diff_last10_fg3_pct,0.0032931611462727103,0.07951981532639749
main,close,2024-25,C2o_logit_inter_plus_offset,diff_season_win_pct,-0.017280567938526736,-0.07159047995174728
main,close,2024-25,C2o_logit_inter_plus_offset,diff_last10_pace,-0.026663050747268213,-0.00704990386910351
main,close,2024-25,C2o_logit_inter_plus_offset,vig,-0.0066136665797962065,-0.800265750748953
main,close,2024-25,C2o_logit_inter_plus_offset,min_games_played,-0.004343352735023183,-0.00017282365441371024
main,close,2024-25,C2o_logit_inter_plus_offset,spread_vs_ml,0.032484821224260246,0.29416466728521684
main,close,2024-25,C2o_logit_inter_plus_offset,line_move,0.006324542747912037,0.0469323982832392
main,close,2025-26,C1_logit_inter,mkt_logit,-0.019413228925237957,-0.02074471409131943
main,close,2025-26,C1_logit_inter,rest_diff,0.010407117161450525,0.011416895269889834
main,close,2025-26,C1_logit_inter,mkt_x_rest_diff,-0.008705824755143551,-0.009686019444232002
main,close,2025-26,C1_logit_inter,b2b_diff,-0.006050740884498216,-0.012454459833010537
main,close,2025-26,C1_logit_inter,mkt_x_b2b_diff,0.00419327614112228,0.008490746636284498
main,close,2025-26,C1_logit_inter,early_season,0.02115848147975554,0.05245706704007459
main,close,2025-26,C1_logit_inter,mkt_x_early_season,0.009890814686230764,0.024278999013879466
main,close,2025-26,C1_logit_inter,late_season,-0.012332841618580488,-0.028924379781529088
main,close,2025-26,C1_logit_inter,mkt_x_late_season,0.002739650094887015,0.005179325792894939
main,close,2025-26,C1_logit_inter,playoffs,-0.005050279174687425,-0.01983544201523393
main,close,2025-26,C1_logit_inter,mkt_x_playoffs,-0.011411973373158028,-0.050482314143046624
main,close,2025-26,C1_logit_inter,fav_home,0.005888235312474622,0.01214468025097121
main,close,2025-26,C1_logit_inter,mkt_x_fav_home,-0.0029350847268602084,-0.00464228096396961
main,close,2025-26,C2_logit_inter_plus,mkt_logit,-0.021238251783868504,-0.022694908855838702
main,close,2025-26,C2_logit_inter_plus,rest_diff,0.009965830889761336,0.010932792028833075
main,close,2025-26,C2_logit_inter_plus,mkt_x_rest_diff,-0.008440034831993208,-0.009390304054119867
main,close,2025-26,C2_logit_inter_plus,b2b_diff,-0.005325577900609231,-0.01096183051246405
main,close,2025-26,C2_logit_inter_plus,mkt_x_b2b_diff,0.004067719930652447,0.008236514399762616
main,close,2025-26,C2_logit_inter_plus,early_season,0.01925237270297505,0.04773135569897868
main,close,2025-26,C2_logit_inter_plus,mkt_x_early_season,0.009679985834193515,0.02376147708539408
main,close,2025-26,C2_logit_inter_plus,late_season,-0.010434623858191843,-0.024472464066759347
main,close,2025-26,C2_logit_inter_plus,mkt_x_late_season,0.0024785497291663437,0.0046857139038310016
main,close,2025-26,C2_logit_inter_plus,playoffs,-0.0037578605110991795,-0.014759347293678773
main,close,2025-26,C2_logit_inter_plus,mkt_x_playoffs,-0.011254722333615337,-0.049786694190393506
main,close,2025-26,C2_logit_inter_plus,fav_home,0.001816759146588158,0.0037471258802440413
main,close,2025-26,C2_logit_inter_plus,mkt_x_fav_home,-0.0021822571672396205,-0.00345157017555672
main,close,2025-26,C2_logit_inter_plus,elo_gap,-0.00813708497930462,-0.01427367503664586
main,close,2025-26,C2_logit_inter_plus,net_diff,0.0037916110957013764,0.0007013429936060801
main,close,2025-26,C2_logit_inter_plus,form_diff,0.002260274239236592,0.0003264945089963594
main,close,2025-26,C2_logit_inter_plus,g5_diff,-0.0008175579496151646,-0.00111453640320936
main,close,2025-26,C2_logit_inter_plus,diff_last10_net_rating,0.002480051516776333,0.000270589847470636
main,close,2025-26,C2_logit_inter_plus,diff_last5_net_rating,0.004114608462517644,0.00036444085362964543
main,close,2025-26,C2_logit_inter_plus,diff_streak,-0.010977915782051746,-0.00244941835039882
main,close,2025-26,C2_logit_inter_plus,diff_team_home_win_pct,0.012657542490809824,0.05086899452857501
main,close,2025-26,C2_logit_inter_plus,diff_last10_fg3_pct,-0.0024278983810531716,-0.058651195780276714
main,close,2025-26,C2_logit_inter_plus,diff_season_win_pct,-0.009186859093222548,-0.03753495497312784
main,close,2025-26,C2_logit_inter_plus,diff_last10_pace,-0.010010627141074964,-0.0026520267521820823
main,close,2025-26,C2_logit_inter_plus,vig,-0.007402982546063955,-0.9289858169062809
main,close,2025-26,C2_logit_inter_plus,min_games_played,-0.00836710224389814,-0.00033172091576665405
main,close,2025-26,C2_logit_inter_plus,spread_vs_ml,0.01968607077697944,0.18146648679476474
main,close,2025-26,C2_logit_inter_plus,line_move,0.009293024283381872,0.0554691434754673
main,close,2025-26,C1o_logit_inter_offset,mkt_logit,-0.0038946149913525025,-0.004161732950376973
main,close,2025-26,C1o_logit_inter_offset,rest_diff,0.010206452828332881,0.011196760948341837
main,close,2025-26,C1o_logit_inter_offset,mkt_x_rest_diff,-0.008816091018542518,-0.009808700660700801
main,close,2025-26,C1o_logit_inter_offset,b2b_diff,-0.005757176449365432,-0.011850205488698966
main,close,2025-26,C1o_logit_inter_offset,mkt_x_b2b_diff,0.004138779838371322,0.008380399908880851
main,close,2025-26,C1o_logit_inter_offset,early_season,0.021175288892097993,0.052498736739143584
main,close,2025-26,C1o_logit_inter_offset,mkt_x_early_season,0.008742188202432461,0.02145946370236689
main,close,2025-26,C1o_logit_inter_offset,late_season,-0.012101934383740406,-0.02838282992940458
main,close,2025-26,C1o_logit_inter_offset,mkt_x_late_season,0.0010460533380086772,0.0019775704366055643
main,close,2025-26,C1o_logit_inter_offset,playoffs,-0.005158591983278539,-0.020260850662954705
main,close,2025-26,C1o_logit_inter_offset,mkt_x_playoffs,-0.012128828734760982,-0.05365341491381132
main,close,2025-26,C1o_logit_inter_offset,fav_home,0.0027377203482073717,0.005646638845277873
main,close,2025-26,C1o_logit_inter_offset,mkt_x_fav_home,-0.00563526560713794,-0.008913025922394463
main,close,2025-26,C2o_logit_inter_plus_offset,mkt_logit,-0.0029409846684813395,-0.00314269647411843
main,close,2025-26,C2o_logit_inter_plus_offset,rest_diff,0.009751470465529027,0.010697632716652493
main,close,2025-26,C2o_logit_inter_plus_offset,mkt_x_rest_diff,-0.008489128082229992,-0.009444924746558352
main,close,2025-26,C2o_logit_inter_plus_offset,b2b_diff,-0.004926973765138105,-0.010141369136037297
main,close,2025-26,C2o_logit_inter_plus_offset,mkt_x_b2b_diff,0.003990585554036883,0.00808032901469632
main,close,2025-26,C2o_logit_inter_plus_offset,early_season,0.019266220619910478,0.047765688082790914
main,close,2025-26,C2o_logit_inter_plus_offset,mkt_x_early_season,0.00880210117667114,0.021606532178382768
main,close,2025-26,C2o_logit_inter_plus_offset,late_season,-0.010252609353448709,-0.024045582993949197
main,close,2025-26,C2o_logit_inter_plus_offset,mkt_x_late_season,0.0011382393650063189,0.002151848702382817
main,close,2025-26,C2o_logit_inter_plus_offset,playoffs,-0.003924121831717854,-0.015412354121704682
main,close,2025-26,C2o_logit_inter_plus_offset,mkt_x_playoffs,-0.011821672487785047,-0.052294670230152156
main,close,2025-26,C2o_logit_inter_plus_offset,fav_home,-0.0007409356056674959,-0.0015282042139735247
main,close,2025-26,C2o_logit_inter_plus_offset,mkt_x_fav_home,-0.004039620818258548,-0.006389272055637719
main,close,2025-26,C2o_logit_inter_plus_offset,elo_gap,-0.006670998013269658,-0.011701937248252574
main,close,2025-26,C2o_logit_inter_plus_offset,net_diff,0.0020665528269295024,0.00038225501231574496
main,close,2025-26,C2o_logit_inter_plus_offset,form_diff,0.001084863350459819,0.0001567075007040543
main,close,2025-26,C2o_logit_inter_plus_offset,g5_diff,-0.0006735265092278152,-0.0009181854490122384
main,close,2025-26,C2o_logit_inter_plus_offset,diff_last10_net_rating,0.0013625441467698181,0.00014866248154622662
main,close,2025-26,C2o_logit_inter_plus_offset,diff_last5_net_rating,0.0034393607804393024,0.0003046325282665332
main,close,2025-26,C2o_logit_inter_plus_offset,diff_streak,-0.011455184293140451,-0.002555907621435085
main,close,2025-26,C2o_logit_inter_plus_offset,diff_team_home_win_pct,0.011223187754698164,0.04510451194625097
main,close,2025-26,C2o_logit_inter_plus_offset,diff_last10_fg3_pct,-0.002739043648852426,-0.06616759027199537
main,close,2025-26,C2o_logit_inter_plus_offset,diff_season_win_pct,-0.01051693233339408,-0.0429692648579536
main,close,2025-26,C2o_logit_inter_plus_offset,diff_last10_pace,-0.009892774208936922,-0.002620805019072999
main,close,2025-26,C2o_logit_inter_plus_offset,vig,-0.007431063191077382,-0.9325096021894063
main,close,2025-26,C2o_logit_inter_plus_offset,min_games_played,-0.008286379298525626,-0.00032852058564258033
main,close,2025-26,C2o_logit_inter_plus_offset,spread_vs_ml,0.020247443078487706,0.18664122483633075
main,close,2025-26,C2o_logit_inter_plus_offset,line_move,0.008855820247510223,0.052859515796221376
main,open,2024-25,C1_logit_inter,mkt_logit,0.08035239297789376,0.08777395732183464
main,open,2024-25,C1_logit_inter,rest_diff,0.014292119354501781,0.01600917586499904
main,open,2024-25,C1_logit_inter,mkt_x_rest_diff,0.036559102998234866,0.041892251422762
main,open,2024-25,C1_logit_inter,b2b_diff,-0.02453006240654856,-0.05037321010981349
main,open,2024-25,C1_logit_inter,mkt_x_b2b_diff,-0.006244018052844519,-0.01301818162082034
main,open,2024-25,C1_logit_inter,early_season,0.024983717814775742,0.06250754411695493
main,open,2024-25,C1_logit_inter,mkt_x_early_season,0.030556535578597912,0.09988160916613778
main,open,2024-25,C1_logit_inter,late_season,-0.04088881268506501,-0.09254707276924665
main,open,2024-25,C1_logit_inter,mkt_x_late_season,-0.02576366952105563,-0.042625044968424966
main,open,2024-25,C1_logit_inter,playoffs,0.0073052864940465825,0.029058003156677923
main,open,2024-25,C1_logit_inter,mkt_x_playoffs,0.01208591618910067,0.06192849215623471
main,open,2024-25,C1_logit_inter,fav_home,0.016178363536610833,0.03375003936944112
main,open,2024-25,C1_logit_inter,mkt_x_fav_home,0.006490205911061068,0.010353210883758308
main,open,2024-25,C2_logit_inter_plus,mkt_logit,0.08096511244111675,0.08844326921189855
main,open,2024-25,C2_logit_inter_plus,rest_diff,0.008832499565232405,0.009893636860987601
main,open,2024-25,C2_logit_inter_plus,mkt_x_rest_diff,0.015005348176626722,0.017194289983856557
main,open,2024-25,C2_logit_inter_plus,b2b_diff,-0.012026541621307358,-0.024696859630605902
main,open,2024-25,C2_logit_inter_plus,mkt_x_b2b_diff,-0.005229090228360377,-0.010902153986156543
main,open,2024-25,C2_logit_inter_plus,early_season,0.009533094699392413,0.023851147451760046
main,open,2024-25,C2_logit_inter_plus,mkt_x_early_season,0.012676119285076445,0.04143503732347667
main,open,2024-25,C2_logit_inter_plus,late_season,-0.016919800034975428,-0.038295999865262005
main,open,2024-25,C2_logit_inter_plus,mkt_x_late_season,-0.010496623558076996,-0.017366278154360072
main,open,2024-25,C2_logit_inter_plus,playoffs,0.005462248517576256,0.02172701026792585
main,open,2024-25,C2_logit_inter_plus,mkt_x_playoffs,0.006064377890196007,0.03107400156755451
main,open,2024-25,C2_logit_inter_plus,fav_home,0.0063932403611005354,0.013337079080783508
main,open,2024-25,C2_logit_inter_plus,mkt_x_fav_home,0.0018506946502181933,0.0029522379193697643
main,open,2024-25,C2_logit_inter_plus,elo_gap,0.005240031872986046,0.009280744966388099
main,open,2024-25,C2_logit_inter_plus,net_diff,0.004399859607677183,0.0007410957665723258
main,open,2024-25,C2_logit_inter_plus,form_diff,0.001158317668063366,0.00015253431440381823
main,open,2024-25,C2_logit_inter_plus,g5_diff,-0.0022199938057616284,-0.0030651458813995085
main,open,2024-25,C2_logit_inter_plus,diff_last10_net_rating,0.004725929782570674,0.0004725032969191991
main,open,2024-25,C2_logit_inter_plus,diff_last5_net_rating,0.0007913410267053985,6.542083506371495e-05
main,open,2024-25,C2_logit_inter_plus,diff_streak,-0.004751210664131751,-0.0009409406556624423
main,open,2024-25,C2_logit_inter_plus,diff_team_home_win_pct,0.01272485852792492,0.05170971892376087
main,open,2024-25,C2_logit_inter_plus,diff_last10_fg3_pct,0.0020022621222043915,0.052365433555652714
main,open,2024-25,C2_logit_inter_plus,diff_season_win_pct,-0.007075618013152574,-0.027480955010022352
main,open,2024-25,C2_logit_inter_plus,diff_last10_pace,-0.011386259857796963,-0.0031491643370280343
main,open,2024-25,C2_logit_inter_plus,vig,0.01381102229650997,1.9549725601774322
main,open,2024-25,C2_logit_inter_plus,min_games_played,-0.012465111320655448,-0.0004857601200681128
main,open,2024-25,C1o_logit_inter_offset,mkt_logit,0.016628837343977555,0.01816472173695648
main,open,2024-25,C1o_logit_inter_offset,rest_diff,0.015073535780523756,0.016884471731041777
main,open,2024-25,C1o_logit_inter_offset,mkt_x_rest_diff,0.03764908434252885,0.04314123645730971
main,open,2024-25,C1o_logit_inter_offset,b2b_diff,-0.02518565934308743,-0.05171949784786695
main,open,2024-25,C1o_logit_inter_offset,mkt_x_b2b_diff,-0.00654920243817938,-0.01365446193303336
main,open,2024-25,C1o_logit_inter_offset,early_season,0.024336377453726424,0.060887943044089586
main,open,2024-25,C1o_logit_inter_offset,mkt_x_early_season,0.03496490048198933,0.1142914423492772
main,open,2024-25,C1o_logit_inter_offset,late_season,-0.04079306022367718,-0.09233034820744174
main,open,2024-25,C1o_logit_inter_offset,mkt_x_late_season,-0.017819503730000116,-0.029481714442327996
main,open,2024-25,C1o_logit_inter_offset,playoffs,0.0072077553033170925,0.02867005647581856
main,open,2024-25,C1o_logit_inter_offset,mkt_x_playoffs,0.014507345923655204,0.07433594972725997
main,open,2024-25,C1o_logit_inter_offset,fav_home,0.027423522037580743,0.05720881140559266
main,open,2024-25,C1o_logit_inter_offset,mkt_x_fav_home,0.022798802284073792,0.03636877029461409
main,open,2024-25,C2o_logit_inter_plus_offset,mkt_logit,0.006448959422790979,0.007044602757531172
main,open,2024-25,C2o_logit_inter_plus_offset,rest_diff,0.00958118422469549,0.010732268563079852
main,open,2024-25,C2o_logit_inter_plus_offset,mkt_x_rest_diff,0.01565603515967807,0.017939897519490617
main,open,2024-25,C2o_logit_inter_plus_offset,b2b_diff,-0.01282352984056499,-0.026333498557908147
main,open,2024-25,C2o_logit_inter_plus_offset,mkt_x_b2b_diff,-0.005611301159834089,-0.011699027294541834
main,open,2024-25,C2o_logit_inter_plus_offset,early_season,0.009091592633071289,0.02274653963906801
main,open,2024-25,C2o_logit_inter_plus_offset,mkt_x_early_season,0.014851888857794034,0.04854707937872738
main,open,2024-25,C2o_logit_inter_plus_offset,late_season,-0.016566849805094076,-0.037497138062637866
main,open,2024-25,C2o_logit_inter_plus_offset,mkt_x_late_season,-0.007045547774570039,-0.011656600022477284
main,open,2024-25,C2o_logit_inter_plus_offset,playoffs,0.005560383401401434,0.022117358239397766
main,open,2024-25,C2o_logit_inter_plus_offset,mkt_x_playoffs,0.007226990488458278,0.03703125330136636
main,open,2024-25,C2o_logit_inter_plus_offset,fav_home,0.011347578916663619,0.023672433513968805
main,open,2024-25,C2o_logit_inter_plus_offset,mkt_x_fav_home,0.008587583751081606,0.013698959135542827
main,open,2024-25,C2o_logit_inter_plus_offset,elo_gap,0.0044580954305847385,0.00789583875250357
main,open,2024-25,C2o_logit_inter_plus_offset,net_diff,0.009119069174726492,0.0015359816364772152
main,open,2024-25,C2o_logit_inter_plus_offset,form_diff,0.0047400085847492225,0.0006241931550191831
main,open,2024-25,C2o_logit_inter_plus_offset,g5_diff,-0.0027161647527401086,-0.0037502092048439717
main,open,2024-25,C2o_logit_inter_plus_offset,diff_last10_net_rating,0.008246837100092492,0.0008245272143738197
main,open,2024-25,C2o_logit_inter_plus_offset,diff_last5_net_rating,0.003406373883165354,0.000281607823246183
main,open,2024-25,C2o_logit_inter_plus_offset,diff_streak,-0.002653747207868742,-0.0005255541827654787
main,open,2024-25,C2o_logit_inter_plus_offset,diff_team_home_win_pct,0.017030001295268927,0.06920442992093874
main,open,2024-25,C2o_logit_inter_plus_offset,diff_last10_fg3_pct,0.0038533377259170683,0.10077686553439293
main,open,2024-25,C2o_logit_inter_plus_offset,diff_season_win_pct,-0.0027035115225947336,-0.010500153963003493
main,open,2024-25,C2o_logit_inter_plus_offset,diff_last10_pace,-0.012270848841484121,-0.0033938202745480177
main,open,2024-25,C2o_logit_inter_plus_offset,vig,0.01396965096403363,1.9774267048170098
main,open,2024-25,C2o_logit_inter_plus_offset,min_games_played,-0.012054893145654338,-0.00046977409115776824
main,open,2025-26,C1_logit_inter,mkt_logit,0.03841728562953562,0.04028831264916664
main,open,2025-26,C1_logit_inter,rest_diff,0.01009366992942869,0.011292274007781709
main,open,2025-26,C1_logit_inter,mkt_x_rest_diff,0.011387310401012169,0.013081574470114083
main,open,2025-26,C1_logit_inter,b2b_diff,-0.01481567436947844,-0.030519573731304463
main,open,2025-26,C1_logit_inter,mkt_x_b2b_diff,-0.0009658074649288603,-0.0019629368768798176
main,open,2025-26,C1_logit_inter,early_season,0.010504260857648573,0.02574913127268224
main,open,2025-26,C1_logit_inter,mkt_x_early_season,-0.0016501476529719873,-0.004249008642718954
main,open,2025-26,C1_logit_inter,late_season,-0.012361387220259602,-0.028065148652084374
main,open,2025-26,C1_logit_inter,mkt_x_late_season,-0.0006712330308269143,-0.001134654499011495
main,open,2025-26,C1_logit_inter,playoffs,0.0003046194409402782,0.0012090143903206792
main,open,2025-26,C1_logit_inter,mkt_x_playoffs,-0.00029318875119009575,-0.0013817968908212746
main,open,2025-26,C1_logit_inter,fav_home,0.005455560450439247,0.011267376457277498
main,open,2025-26,C1_logit_inter,mkt_x_fav_home,-0.0025924803476441664,-0.004006642482144479
main,open,2025-26,C2_logit_inter_plus,mkt_logit,0.01977925516124008,0.020742559055006188
main,open,2025-26,C2_logit_inter_plus,rest_diff,0.010212710276211677,0.011425450169004857
main,open,2025-26,C2_logit_inter_plus,mkt_x_rest_diff,0.011378864323516131,0.01307187174068511
main,open,2025-26,C2_logit_inter_plus,b2b_diff,-0.01523868204804458,-0.03139094912151302
main,open,2025-26,C2_logit_inter_plus,mkt_x_b2b_diff,-0.001005857458113502,-0.0020443357181558156
main,open,2025-26,C2_logit_inter_plus,early_season,0.009698146008113927,0.023773099130790766
main,open,2025-26,C2_logit_inter_plus,mkt_x_early_season,-0.001598921077540242,-0.0041171039847604
main,open,2025-26,C2_logit_inter_plus,late_season,-0.011443371048048552,-0.02598089549513331
main,open,2025-26,C2_logit_inter_plus,mkt_x_late_season,-0.0004944877575613953,-0.0008358837140835254
main,open,2025-26,C2_logit_inter_plus,playoffs,0.0012562884973451659,0.004986125859191069
main,open,2025-26,C2_logit_inter_plus,mkt_x_playoffs,4.1623529392501066e-05,0.00019617145359807666
main,open,2025-26,C2_logit_inter_plus,fav_home,0.005313834017091047,0.010974668660711366
main,open,2025-26,C2_logit_inter_plus,mkt_x_fav_home,-0.002478005814786997,-0.0038297236766129464
main,open,2025-26,C2_logit_inter_plus,elo_gap,0.009761331686176638,0.017570239339343933
main,open,2025-26,C2_logit_inter_plus,net_diff,0.005869683011990578,0.0009484528952628195
main,open,2025-26,C2_logit_inter_plus,form_diff,0.006720539981547978,0.0008589653669618304
main,open,2025-26,C2_logit_inter_plus,g5_diff,-0.003676819460899138,-0.005077584632550123
main,open,2025-26,C2_logit_inter_plus,diff_last10_net_rating,0.009036720766855987,0.000877044093482006
main,open,2025-26,C2_logit_inter_plus,diff_last5_net_rating,0.00724993060267129,0.0005819656141555637
main,open,2025-26,C2_logit_inter_plus,diff_streak,-0.004316063603742224,-0.0008859436275466079
main,open,2025-26,C2_logit_inter_plus,diff_team_home_win_pct,0.00583471492151301,0.02331205265239057
main,open,2025-26,C2_logit_inter_plus,diff_last10_fg3_pct,-0.0038409247838864487,-0.09649451428515594
main,open,2025-26,C2_logit_inter_plus,diff_season_win_pct,-0.005748387414000083,-0.022078945746122812
main,open,2025-26,C2_logit_inter_plus,diff_last10_pace,-0.001996210807430311,-0.0005432307577370993
main,open,2025-26,C2_logit_inter_plus,vig,-0.003550461752563172,-0.5121696154412777
main,open,2025-26,C2_logit_inter_plus,min_games_played,-0.009233180967711934,-0.00035940398831296456
main,open,2025-26,C1o_logit_inter_offset,mkt_logit,0.0019711030461702244,0.002067101162576089
main,open,2025-26,C1o_logit_inter_offset,rest_diff,0.004448069761645476,0.004976269573446611
main,open,2025-26,C1o_logit_inter_offset,mkt_x_rest_diff,0.004567921320135958,0.005247560733715395
main,open,2025-26,C1o_logit_inter_offset,b2b_diff,-0.006035899608581557,-0.012433661711568886
main,open,2025-26,C1o_logit_inter_offset,mkt_x_b2b_diff,-0.0009415350579169599,-0.0019136048883164397
main,open,2025-26,C1o_logit_inter_offset,early_season,0.003994902458210258,0.009792718327545776
main,open,2025-26,C1o_logit_inter_offset,mkt_x_early_season,0.0003680331931268754,0.0009476583598971395
main,open,2025-26,C1o_logit_inter_offset,late_season,-0.004642370626684978,-0.01053998385573167
main,open,2025-26,C1o_logit_inter_offset,mkt_x_late_season,0.00066501645840614,0.0011241459847672354
main,open,2025-26,C1o_logit_inter_offset,playoffs,0.00019384972340774496,0.0007693767161945373
main,open,2025-26,C1o_logit_inter_offset,mkt_x_playoffs,0.00036860119244636936,0.0017372152908594035
main,open,2025-26,C1o_logit_inter_offset,fav_home,0.0035276283105029004,0.00728561557274758
main,open,2025-26,C1o_logit_inter_offset,mkt_x_fav_home,0.0012146163268188384,0.001877172715681701
main,open,2025-26,C2o_logit_inter_plus_offset,mkt_logit,0.0014219742585361388,0.0014912282991416375
main,open,2025-26,C2o_logit_inter_plus_offset,rest_diff,0.004447543465175649,0.004975680780273447
main,open,2025-26,C2o_logit_inter_plus_offset,mkt_x_rest_diff,0.004531615934553459,0.0052058536414839015
main,open,2025-26,C2o_logit_inter_plus_offset,b2b_diff,-0.006091945224144505,-0.012549112973106699
main,open,2025-26,C2o_logit_inter_plus_offset,mkt_x_b2b_diff,-0.0009307020767450686,-0.0018915876032974048
main,open,2025-26,C2o_logit_inter_plus_offset,early_season,0.0038482788085731864,0.009433299263858332
main,open,2025-26,C2o_logit_inter_plus_offset,mkt_x_early_season,0.00014201143734817267,0.000365668989420773
main,open,2025-26,C2o_logit_inter_plus_offset,late_season,-0.004499989195646459,-0.010216722723611855
main,open,2025-26,C2o_logit_inter_plus_offset,mkt_x_late_season,0.000410866065051567,0.0006945293330210432
main,open,2025-26,C2o_logit_inter_plus_offset,playoffs,0.00032925476840362167,0.0013067903737625365
main,open,2025-26,C2o_logit_inter_plus_offset,mkt_x_playoffs,0.000312050383584276,0.0014706916553451483
main,open,2025-26,C2o_logit_inter_plus_offset,fav_home,0.003015229819677571,0.006227358269081372
main,open,2025-26,C2o_logit_inter_plus_offset,mkt_x_fav_home,0.0007435865132286541,0.0011492026605944934
main,open,2025-26,C2o_logit_inter_plus_offset,elo_gap,0.0037099116046397794,0.006677780954174502
main,open,2025-26,C2o_logit_inter_plus_offset,net_diff,0.0032994049576841843,0.0005331344432684822
main,open,2025-26,C2o_logit_inter_plus_offset,form_diff,0.0036373986287768943,0.0004649030370375305
main,open,2025-26,C2o_logit_inter_plus_offset,g5_diff,-0.001826792979042142,-0.0025227499081411356
main,open,2025-26,C2o_logit_inter_plus_offset,diff_last10_net_rating,0.004392167675343147,0.0004262746206976707
main,open,2025-26,C2o_logit_inter_plus_offset,diff_last5_net_rating,0.0036582063390420308,0.00029365112791892716
main,open,2025-26,C2o_logit_inter_plus_offset,diff_streak,-0.0006357108440385649,-0.00013049019267230412
main,open,2025-26,C2o_logit_inter_plus_offset,diff_team_home_win_pct,0.003200790612046146,0.012788456725139903
main,open,2025-26,C2o_logit_inter_plus_offset,diff_last10_fg3_pct,-0.0008263256798041012,-0.020759556513201775
main,open,2025-26,C2o_logit_inter_plus_offset,diff_season_win_pct,-0.0007677775822490169,-0.0029489521778368333
main,open,2025-26,C2o_logit_inter_plus_offset,diff_last10_pace,-0.0009310368516255166,-0.0002533639495924578
main,open,2025-26,C2o_logit_inter_plus_offset,vig,-0.0007507683635818556,-0.10830161563734651
main,open,2025-26,C2o_logit_inter_plus_offset,min_games_played,-0.003802019008954706,-0.00014799458607369284
