baseline,model,n,logloss,base_logloss,delta,ci95_lo,ci95_hi,bonf_lo,bonf_hi,p_boot,seasons_neg,passes,passes_95
open_models_vs_close,A_lgb,2630,0.5915942500245155,0.5809541338610303,0.010640116163485223,0.005650492083883835,0.015535196033885808,0.0032703925695876887,0.017861587975148585,1.0,0,False,False
open_models_vs_close,R1_lgb_no_market,2630,0.6071788515256545,0.5809541338610303,0.026224717664624104,0.017843782067443897,0.03441438547637678,0.013889243139510093,0.038851000624558325,1.0,0,False,False
open_models_vs_close,R0_platt,2630,0.5926559547140098,0.5809541338610303,0.011701820852979418,0.006386487620827358,0.016908783527847394,0.003458574860355916,0.019473686678065108,1.0,0,False,False
open_models_vs_close,C1_logit_inter,2630,0.5930802862453739,0.5809541338610303,0.012126152384343654,0.006715362164207782,0.017480240543531526,0.003954465178606587,0.019842364015157613,1.0,0,False,False
open_models_vs_close,C2_logit_inter_plus,2630,0.5926064960429616,0.5809541338610303,0.011652362181931216,0.00634365998007814,0.01689640272433159,0.003563976308177948,0.01925726247671568,1.0,0,False,False
open_models_vs_close,C1o_logit_inter_offset,2630,0.5924729867610246,0.5809541338610303,0.011518852899994268,0.006319315981047272,0.016698331146103727,0.0034861823686214944,0.019083403148832,1.0,0,False,False
open_models_vs_close,C2o_logit_inter_plus_offset,2630,0.5920523995585959,0.5809541338610303,0.011098265697565526,0.006057460581546764,0.016123357392741188,0.003464215036006086,0.018272597186243248,1.0,0,False,False
open_models_vs_close,D1_margin_shift,2630,0.5913819270121413,0.5809541338610303,0.010427793151110967,0.005444945203440684,0.01533392484642624,0.002969192983764556,0.017574888253558286,1.0,0,False,False
open_models_vs_close,D2_margin_link,2630,0.5925568950121127,0.5809541338610303,0.011602761151082518,0.006279305659262144,0.016808985050994197,0.003726002883665604,0.019460051449540685,1.0,0,False,False
open_models_vs_close,F_move_lgb,2630,0.5911154915664647,0.5809541338610303,0.010161357705434427,0.005340029802675003,0.014881520516897218,0.002931286925028501,0.017140018188550314,1.0,0,False,False
open_models_vs_close,F_move_ridge,2630,0.5896374054114485,0.5809541338610303,0.008683271550418155,0.003760135502136574,0.013507068394807673,0.001281056613489476,0.0157845324395079,1.0,0,False,False
open_models_vs_close,G1_screen_top1,2630,0.5927131085568439,0.5809541338610303,0.0117589746958136,0.006223726903261444,0.017224163386692477,0.0035368375276435323,0.019750273017836013,1.0,0,False,False
open_models_vs_close,G5_screen_top5,2630,0.5924835507312453,0.5809541338610303,0.011529416870214958,0.005898926551383944,0.01719338415539109,0.003100524372646165,0.019703385080329094,1.0,0,False,False
open_models_vs_close,E_ensemble,2630,0.5915903750767699,0.5809541338610303,0.010636241215739568,0.005611573474373457,0.015576730704881366,0.003023659501954749,0.0177490788686007,1.0,0,False,False
