effect_sd_logit,draw,model,delta,oracle_delta,ci95_hi
0.0,0,A_lgb,0.0006451118891225651,-7.343451312582212e-19,0.001277336454332498
0.0,0,C2o_logit_inter_plus_offset,0.00018744409933457127,-7.343451312582212e-19,0.0005329984714379322
0.0,1,A_lgb,0.0017383603191862282,3.5782635486764234e-19,0.003031472938153995
0.0,1,C2o_logit_inter_plus_offset,5.0077458300099146e-05,3.5782635486764234e-19,0.0003294580161961192
0.1,0,A_lgb,1.947956426361446e-05,-0.0006154285673264625,0.00011460804997821433
0.1,0,C2o_logit_inter_plus_offset,0.00010759386919868256,-0.0006154285673264625,0.0006985357939403577
0.1,1,A_lgb,0.00027438847345848393,-0.0010769413418796172,0.0015187221435559654
0.1,1,C2o_logit_inter_plus_offset,-0.00024315380221614732,-0.0010769413418796172,0.001032494652726163
0.2,0,A_lgb,3.866706296963721e-05,-0.002565909438293392,0.001215509631387019
0.2,0,C2o_logit_inter_plus_offset,-0.0005249773537822902,-0.002565909438293392,0.0007792439502382469
0.2,1,A_lgb,-0.0013947546238692982,-0.003920446967489965,0.0002868020967452776
0.2,1,C2o_logit_inter_plus_offset,-0.0011500114929315598,-0.003920446967489965,0.0019432605656385963
