feature,n_active,move_logit_per_unit,t,move_pp_at_50
elim_diff,246,0.0027455136634790696,0.13425256681954786,0.06863784158697674
locked_diff,47,-0.11055096679754683,-1.3944823978624021,-2.763774169938671
nostakes_diff,267,-0.016929817727064936,-0.7605034007525819,-0.4232454431766234
tank_diff,371,0.003531613724801055,0.2207412639068361,0.08829034312002637
race_diff,466,0.03605805088291375,2.417137844563864,0.9014512720728438
lw_nostakes_diff,99,-0.014998399259047192,-0.3273244815429307,-0.3749599814761798
zigzag,206,0.013229184746933438,0.9131519378278051,0.33072961867333595
elim_po,59,-0.0056510067376726964,-0.27127385103963003,-0.14127516844181742
series_lead,162,-0.014115151957778807,-1.4151880643507797,-0.35287879894447016
down02,26,0.12546390135697574,2.6946749817215614,3.1365975339243937
game7,12,-0.06364461929094445,-0.8885983419401707,-1.591115482273611
