sample,n,series,fav_priced,fav_p_spread,fav_won,gap_pts,z,gap_ci95_cluster,calib_slope,slope_se,slope_z_vs_1,fav_ats_cover,fav_ats_pts,dog_roi_close,dog_roi_ci,odds_src
2018-19,82,15,0.6782498166530075,0.6649605447751089,0.6341463414634146,-4.410347518959299,-0.8801970594008222,"(-11.2, 2.0)",0.9653226782911812,0.3358239047996135,-0.10326043266488359,0.4875,-0.6707317073170732,0.1872241579558653,"(-0.154, 0.661)",espn_old_Caesars
2019-20,83,15,0.6831904102109329,0.669499519194529,0.6385542168674698,-4.463619334346295,-0.8974893684077151,"(-13.3, 5.3)",0.8281749035493238,0.26571402524451065,-0.6466542226838135,0.5121951219512195,-0.927710843373494,0.1206209453197405,"(-0.206, 0.433)",espn_old_Caesars
2020-21,85,15,0.6452884187535316,0.638827578485534,0.6352941176470588,-0.9994301106472699,-0.19576910701765063,"(-7.6, 6.6)",0.7419306961856945,0.36022514408832984,-0.7164111335632501,0.5833333333333334,0.9058823529411765,0.04481792717086835,"(-0.191, 0.257)",espn_old_Caesars
2021-22,87,15,0.6381202938323981,0.6339435466714209,0.6436781609195402,0.5557867087142281,0.10984279679882346,"(-5.1, 6.5)",0.8944943764420935,0.4017835035317959,-0.2625932190607151,0.5402298850574713,-0.3103448275862069,-0.024006070557794704,"(-0.208, 0.142)",espn_current_dk
2022-23,81,15,0.6639841301040161,0.6635634704100619,0.6419753086419753,-2.2008821462040804,-0.4280333313024681,"(-14.3, 8.8)",0.49404508455514023,0.3414233681887252,-1.4818989049548243,0.5185185185185185,-1.2901234567901234,0.13007159239043292,"(-0.274, 0.564)",espn_close
2023-24,82,15,0.6543251983513281,0.6562879734300476,0.6341463414634146,-2.0178856887913534,-0.3926366535213918,"(-13.0, 10.1)",1.1210084984835667,0.4013619040820177,0.3014947289537443,0.4634146341463415,-0.926829268292683,0.007984901277584187,"(-0.317, 0.328)",espn_close
2024-25,84,15,0.6806792671753908,0.6779067269721254,0.6190476190476191,-6.1631648127771905,-1.236424800997892,"(-14.6, 2.2)",0.768640070317128,0.2964050081556847,-0.7805533756749203,0.5,0.36904761904761907,0.1185889507318079,"(-0.204, 0.43)",espn_close
2025-26,85,15,0.674961804121145,0.6821398875587737,0.5882352941176471,-8.672651000349804,-1.7503884540497932,"(-17.7, 0.2)",0.7363895848164181,0.2875920331524815,-0.9166123702870984,0.49411764705882355,-0.041176470588235294,0.1903096245033961,"(-0.132, 0.507)",espn_close
2018-22 hold-out,337,60,0.6607930865594149,0.6514796958349818,0.6379821958456974,-2.281089071371766,-0.9051368214387416,"(-5.9, 1.4)",0.8603257022276483,0.1608093633942925,-0.8685706778770141,0.5315315315315315,-0.2433234421364985,0.0803706679077599,"(-0.066, 0.232)",espn_old_Caesars
2022-26 (hint sample),332,60,0.668633110229712,0.6701515374476903,0.6204819277108434,-4.815118251886863,-1.9056196818130378,"(-9.9, 0.7)",0.767638383992637,0.15966924839488694,-1.455268427347366,0.4939759036144578,-0.4608433734939759,0.11243479166460094,"(-0.063, 0.285)",espn_close
all 2018-26,669,120,0.6646838008472156,0.6607458414484635,0.6292974588938715,-3.5386341953344154,-1.9831106997831196,"(-6.6, -0.4)",0.8158224877872773,0.11304389659831936,-1.6292565786825586,0.512781954887218,-0.351270553064275,0.09628290869590822,"(-0.021, 0.208)",espn_close
all excl. 2019-20 bubble,586,105,0.6620625575414331,0.6595059860680481,0.6279863481228669,-3.407620941856624,-1.7827399815717686,"(-6.7, -0.0)",0.8028101605977754,0.12612349216914467,-1.5634663773642785,0.5128644939965694,-0.2696245733788396,0.09283571238229375,"(-0.025, 0.217)",espn_close
