feature,true_w_logit,n_active_games,mean_shift_pp_on_active,power_95,power_bonf
po_fav,-0.1,700,2.17,0.03333333333333333,0.0
po_fav,-0.2,700,4.39,0.06666666666666667,0.0
po_fav,-0.3,700,6.66,0.25,0.08333333333333333
locked_diff,-0.2,103,3.79,0.0,0.0
locked_diff,-0.4,103,7.61,0.03333333333333333,0.0
locked_diff,-0.6,103,11.44,0.06666666666666667,0.0
tank_diff,-0.1,900,1.63,0.0,0.0
tank_diff,-0.2,900,3.18,0.05,0.0
tank_diff,-0.3,900,4.66,0.25,0.03333333333333333
nostakes_diff,-0.1,584,1.52,0.03333333333333333,0.0
nostakes_diff,-0.2,584,2.98,0.13333333333333333,0.0
nostakes_diff,-0.3,584,4.37,0.06666666666666667,0.016666666666666666
