spec,variant,family,logloss,delta,ci95,ci_bonf,2022-23,2023-24,2024-25,2025-26,n_neg,n_active,delta_active,ci95_active,survives
B_offset,elim_diff,regular season,0.5916694980387641,0.00010947712697189239,"(-4.543705417953058e-05, 0.00025932654781918004)","(-0.0001547484440486979, 0.0003351119362521064)",5.845870901637716e-05,-0.0001452815309573397,0.00031790826582920413,0.000203914028979466,1,307.0,0.0018532658920942427,"(-0.0008538211645937932, 0.004392603601111143)",False
B_offset,locked_diff,regular season,0.5915334654650699,-2.655544672228825e-05,"(-0.0007030065915260852, 0.0006281145020422688)","(-0.001103226217026172, 0.0010289682409571636)",-0.0006448917260185241,-5.836205978554442e-05,0.0004046710765409479,0.0001640752975854019,2,58.0,-0.0023794595968228494,"(-0.05759327065561253, 0.05450957548683583)",False
B_offset,nostakes_diff,regular season,0.5915879675145612,2.7946602769046644e-05,"(-0.00017091934656658425, 0.00024081795417037376)","(-0.0003004482615707527, 0.00036196449181895854)",0.0002651904195211426,0.00015100672935796088,-3.8795850138743714e-05,-0.0002545093291965744,2,333.0,0.00043615163540763565,"(-0.0027515803478596647, 0.003794634906481819)",False
B_offset,tank_diff,regular season,0.5916336524667437,7.363155495154874e-05,"(-0.00010806451452698535, 0.0002456642910080789)","(-0.00019210178336631398, 0.00035353383687948596)",-0.00011005993234529767,1.7091092568475803e-05,0.0003736672154645203,5.317493833355892e-06,1,481.0,0.0007955575698195588,"(-0.001136640011082637, 0.0026093995400367346)",False
B_offset,race_diff,regular season,0.5916874790437802,0.00012745813198795748,"(-0.00010379495808732118, 0.00037556442752011257)","(-0.00024218740959392916, 0.0005312216149708254)",0.0007753835227265647,5.172826992599462e-06,-8.481888287478534e-05,-0.00015662078107556748,2,631.0,0.0010497621425379087,"(-0.0008635085418685647, 0.003035427592657161)",False
B_offset,lw_nostakes_diff,regular season,0.59161267113025,5.265021845773815e-05,"(-0.0005573316363837932, 0.0007280041023952418)","(-0.0009101893212048398, 0.001124128002058951)",0.0006538432559293914,0.00023893377336002992,-0.0003278805793186893,-0.0003264397336203832,2,130.0,0.002104793733268245,"(-0.022433730116968097, 0.02890793461500038)",False
B_offset,rs_combined_l2,regular season,0.5916063771797693,4.635626797716956e-05,"(-1.00227288949528e-05, 0.00010331622772709892)","(-4.096217507998157e-05, 0.00013551112354494492)",1.833872392048067e-05,0.00013901854037727974,2.2857935844232398e-05,4.142901556646662e-06,0,1516.0,0.00015891393448374378,"(-2.373151067863365e-05, 0.0003480019890248692)",False
B_offset,po_fav,playoffs,0.5913737749712177,-0.00018624594057445418,"(-0.000434361506133896, 4.192827840717853e-05)","(-0.0005658251250389043, 0.0001916237166535361)",-8.146086049700499e-05,6.911088730138715e-06,-0.00018894285901609355,-0.0004762694007980806,3,353.0,-0.0027419834367292703,"(-0.006433149132427841, 0.0006820610333802852)",False
B_offset,po_slope,playoffs,0.5913405544095733,-0.00021946650221880244,"(-0.0006965565863571824, 0.0002150975037593609)","(-0.0009511887171243917, 0.0005048501128276138)",-0.00047385171937828704,0.0002459460556531118,-0.00022523438264371933,-0.0004352711148682568,3,353.0,-0.003231069155895497,"(-0.01003766738834057, 0.0033759412997995566)",False
B_offset,zigzag,playoffs,0.591474256816275,-8.576409551718817e-05,"(-0.00043283501697530534, 0.00024971837232178973)","(-0.0006369043535550675, 0.0005281943438085907)",-5.0096695249117205e-05,-0.00010759818815923211,-0.0005480448311898769,0.00036426093080944177,3,272.0,-0.001638661780892723,"(-0.008470004166703111, 0.004569705853438978)",False
B_offset,elim_po,playoffs,0.5915649573171119,4.9364053197168205e-06,"(-5.505518339605166e-05, 6.267112908346474e-05)","(-8.851737892195044e-05, 9.560357854317849e-05)",1.2939131199745837e-06,1.7750610380315633e-07,2.7374818305123444e-06,1.5359666057556456e-05,0,81.0,0.0003167222030441601,"(-0.0035424589415924794, 0.0042124226944828995)",False
B_offset,game7,playoffs,0.5914294305204738,-0.00013059039131838648,"(-0.0006759871806165651, 0.0004019741026454835)","(-0.0009763000803457099, 0.0007445400557494406)",-0.0003879972780586567,-0.0003170657099014779,0.0006008866089325076,-0.000430355406139581,3,15.0,-0.045245217578776434,"(-0.21991325866631642, 0.13231507001244971)",False
B_offset,series_lead,playoffs,0.5916778057581362,0.00011778484634405817,"(-0.0001709034499268829, 0.0004088524605290827)","(-0.00039215842381667683, 0.0005798758228215433)",0.0002636596458751966,0.0001291701841315784,6.233769948828596e-05,2.265371442507347e-05,0,215.0,0.0028471062625584982,"(-0.004403867377057983, 0.009664764361124983)",False
B_offset,down02,playoffs,0.5916508694898864,9.084857809423306e-05,"(-6.012368860683556e-05, 0.00024864799558717017)","(-0.00014313753274424262, 0.0003484145627972416)",6.363066020227487e-05,0.0001585347938000913,2.61706932931189e-05,0.00011397070011840546,0,32.0,0.014754376886116794,"(-0.008055555379271448, 0.037826511069242376)",False
B_offset,po_combined_l2,playoffs,0.5915834261896701,2.3405277877859148e-05,"(-0.00042297097762766507, 0.0004450651311929806)","(-0.0006524941603962641, 0.0006518349194989796)",-4.539695568203913e-05,0.00048379256397731074,-0.00012606128274657335,-0.00022080216624661178,3,355.0,0.0003426400820598306,"(-0.00574661453178724, 0.00627591897084775)",False
B_offset,all_combined_l2,all,0.5916016527541443,4.163184235210822e-05,"(-1.4520148552464117e-05, 9.811879075254568e-05)","(-4.82050226452525e-05, 0.00013159704496491697)",1.3176154919957597e-05,0.00013943340135735743,1.6046569801800468e-05,-3.2039936052174115e-06,1,1871.0,0.00011563906184067846,"(-5.032395471748212e-05, 0.00026327488577620556)",False
B_offset,all_combined_gbm,all,0.5923704117709969,0.0008103908592047482,"(-8.702411822070743e-05, 0.0016913679325821056)","(-0.0006723687789195172, 0.002164338429119058)",0.002919844960159655,0.0001494382013450996,1.0142461448957893e-06,0.0002660070087006853,0,1871.0,0.001627077926385212,"(-0.0007782316583756811, 0.004039928883662198)",False
A_recal,market_recal,-,0.5919625831241494,0.0004025622123572137,"(-4.016028079967258e-05, 0.0008264202697340808)","(-0.00030244760142707574, 0.0011133545993267198)",9.114087725207446e-05,0.0012145780190640203,6.576434638638532e-05,0.000226408775786308,0,,,,
A_recal,elim_diff,regular season,0.5920859903069983,0.0005259693952059962,"(7.537206981388975e-05, 0.0009620425921405605)","(-0.00020703103343633878, 0.0012738714519351165)",0.00025665252046459385,0.0011900229897630061,0.0002857239090580716,0.0003607048902829425,0,307.0,0.0014388690912050877,"(-0.0019423099379131253, 0.004455639781964448)",False
A_recal,locked_diff,regular season,0.5919286932374358,0.000368672325643514,"(-0.0004090370510344024, 0.0011343025077038508)","(-0.0009112190849990799, 0.0016486961810829046)",-0.0005201967676097899,0.0011439534018230849,0.0004490348823553135,0.00036310972336920446,1,58.0,-0.0009094439954344458,"(-0.05732090184129716, 0.05716236382412759)",False
A_recal,nostakes_diff,regular season,0.5920383538717884,0.00047833295999622237,"(5.188637401042369e-07, 0.0009840955471024243)","(-0.00025514188012660193, 0.0012711544963781264)",0.00031331795037401714,0.0016667173672487686,-1.765908597153052e-05,-5.3862450491897855e-05,2,333.0,-0.0004684196798790528,"(-0.003838522018486591, 0.002970241261031663)",False
A_recal,tank_diff,regular season,0.592013758634666,0.000453737722873786,"(7.225941151585703e-07, 0.000895093232558881)","(-0.0002797905561112837, 0.0011691511907120523)",0.00011144910944833228,0.0011701773766126396,0.00030627181810131835,0.00021306931901018413,0,481.0,0.0005620191926825305,"(-0.0019271388808430668, 0.0028833366396568325)",False
A_recal,race_diff,regular season,0.5921083785070715,0.000548357595279308,"(1.7304370375652943e-05, 0.001075736688059874)","(-0.00025247327729117556, 0.0014669785024967364)",0.0010052512809907651,0.0011641575649168905,-3.8018211853143394e-05,8.429147409815771e-05,1,631.0,0.001404916526981709,"(-0.0010525648547510937, 0.0038943009799968435)",False
A_recal,lw_nostakes_diff,regular season,0.5920766312196187,0.0005166103078265682,"(-0.0002637207557756911, 0.001324331128611509)","(-0.0007470059903370233, 0.0018989862790976858)",0.0006658283873117211,0.0016858078428231425,-0.00023529709194381,-4.042210660029498e-05,2,130.0,0.0004735049412995441,"(-0.023880054033942198, 0.02586542533145374)",False
A_recal,rs_combined_l2,regular season,0.592011867731176,0.00045184681938373165,"(2.891609752852897e-06, 0.0008727127105001582)","(-0.00027924888057032137, 0.001204936232086133)",0.00017410046159531934,0.001339091969858121,8.19054288194665e-05,0.00020164071306743304,0,1516.0,0.0007527185565321852,"(-7.623849997036017e-05, 0.0015835290470590606)",False
A_recal,po_fav,playoffs,0.5917878313911025,0.0002278104793102797,"(-0.0002584327273018359, 0.0006753960449857815)","(-0.0005735258124950445, 0.0009726650538143722)",6.0752013632982124e-05,0.0011737748366510074,-8.310594347848319e-05,-0.0002456433354720796,2,353.0,-0.003005899523918764,"(-0.00677490800054464, 0.000621687150482076)",False
A_recal,po_slope,playoffs,0.5917038682710118,0.0001438473592196429,"(-0.0004486665503131477, 0.0006889694272686374)","(-0.0008772638994462653, 0.000978260149834756)",-0.00021315202909037104,0.001234349496364815,-0.00016441028954423658,-0.0002951988487506208,3,353.0,-0.003191027897915572,"(-0.009959975253490825, 0.003466161650662704)",False
A_recal,zigzag,playoffs,0.5918716307312228,0.00031160981943067546,"(-0.0002496869441441586, 0.0008452722757605215)","(-0.0006111161139888893, 0.0011786510700510515)",5.538095791428402e-05,0.0010928839319732672,-0.0004849103629007378,0.0005731760744215497,1,272.0,-0.0018161865844892899,"(-0.00863565028282287, 0.004740409964773773)",False
A_recal,elim_po,playoffs,0.5919722858042702,0.00041226489247799604,"(-3.586536667338197e-05, 0.0008399274858546168)","(-0.0003241296295687011, 0.0011708939566381692)",8.806041235257416e-05,0.0012279158251534547,7.281063892937055e-05,0.0002473408942298175,0,81.0,-0.0010424974217092876,"(-0.007699155553615936, 0.004910248078358286)",False
A_recal,game7,playoffs,0.5918297423525802,0.00026972144078798587,"(-0.0004124592810179894, 0.0009257519412685111)","(-0.000857525865740933, 0.0012703037979959594)",-0.0003048474235177084,0.000901996124556184,0.0006624432131922518,-0.00020547976918299424,2,15.0,-0.044148828024036864,"(-0.21960826833282898, 0.13309339991578978)",False
A_recal,series_lead,playoffs,0.5920625998989578,0.0005025789871656349,"(-4.435795200313666e-06, 0.0009992912906700041)","(-0.0003183093523838431, 0.0012956593563166285)",0.0003797534229677945,0.0012744237678412546,0.00011164169485039789,0.0002406537173682304,0,215.0,0.0018482750577161972,"(-0.005587428885772681, 0.008461466353397026)",False
A_recal,down02,playoffs,0.5920559014863211,0.0004958805745289328,"(4.268024675819265e-05, 0.0009371659634603554)","(-0.0002459538727078389, 0.0012294193257744962)",0.0001806573245429987,0.0013558401906217806,8.377568449650093e-05,0.00035082817362488565,0,32.0,0.014148366150028499,"(-0.00911973545734051, 0.036020858468401355)",False
A_recal,po_combined_l2,playoffs,0.5919797527016888,0.00041973178989652526,"(-0.0001540905963343237, 0.0009716323303830887)","(-0.0005286697399433615, 0.0012686858507925693)",8.931468222004483e-05,0.0015417943656647372,-4.7357932166545946e-05,8.265981669426474e-05,1,355.0,1.0641158445481115e-07,"(-0.006146865359467468, 0.005767929497400909)",False
A_recal,all_combined_l2,all,0.5920077427057112,0.0004477217939190405,"(-2.103515545790589e-06, 0.0008715247054599857)","(-0.0002814623714248137, 0.0012020056983347038)",0.00017148692120014358,0.0013381290117353223,7.608015439501907e-05,0.00019461856309116392,0,1871.0,0.0003966150734495044,"(-0.0004101109907013234, 0.001157732115993334)",False
