spec,variant,family,logloss,delta,ci95,ci_bonf,2024-25,2025-26,n_neg,n_active,delta_active,ci95_active,survives
B_offset,elim_diff,regular season,0.5924411360430487,0.0003985228751895767,"(-9.271676416489405e-05, 0.0008626115557936146)","(-0.0004119241197889233, 0.0010705400479491822)",0.0007880803095058098,8.96544087334362e-06,0,155.0,0.006762033301603825,"(-0.001305978377625823, 0.01460225673434639)",False
B_offset,locked_diff,regular season,0.5920519142250334,9.301057174383932e-06,"(-0.0006194297960524041, 0.0006471587387531944)","(-0.0009783868093773845, 0.0009566920472437236)",-4.568928294393316e-05,6.429139729270101e-05,1,35.0,0.0006989080105325341,"(-0.04808701021901723, 0.04770218692657683)",False
B_offset,nostakes_diff,regular season,0.5922354913587176,0.00019287819085853482,"(-0.00024177000139946934, 0.000605386537466135)","(-0.00048560432598342894, 0.0008581406557738026)",0.0006738234197033367,-0.00028806703798626705,1,172.0,0.0029492421044066946,"(-0.0035301396372987973, 0.009194172796918495)",False
B_offset,tank_diff,regular season,0.5919999872211857,-4.2625946673333026e-05,"(-0.0005290769860156824, 0.00048304970084575815)","(-0.0008139072592473232, 0.0007760866661608119)",7.251081412420611e-05,-0.0001577627074708723,1,246.0,-0.0004557164217514567,"(-0.005467722229330882, 0.004979110258468999)",False
B_offset,race_diff,regular season,0.5916751574847677,-0.00036745568309140976,"(-0.0015518917928403486, 0.0008206353003407381)","(-0.002376423911516641, 0.0016245664710986586)",-0.0004094204708161131,-0.0003254908953667067,2,317.0,-0.0030486070868466853,"(-0.013818120158090521, 0.006671824489548284)",False
B_offset,lw_nostakes_diff,regular season,0.5919070409430642,-0.0001355722247949366,"(-0.0004106226336550305, 0.00016890475081156434)","(-0.0005649936459051951, 0.0003648005766951518)",-1.31503180613895e-05,-0.00025799413152848374,2,65.0,-0.005485460787856528,"(-0.01620937749932174, 0.006625363576500873)",False
B_offset,rs_combined_l2,regular season,0.5931831571273706,0.0011405439595114767,"(-0.0009954196157107348, 0.0032428614605918326)","(-0.0027817527901525716, 0.004500297713263655)",0.0020163277827285513,0.00026476013629440177,0,768.0,0.003905769028014568,"(-0.0032389303762186874, 0.010709861865045066)",False
B_offset,po_fav,playoffs,0.592789104305612,0.0007464911377529792,"(-0.0002279943897185756, 0.001692868234116019)","(-0.0008028865680858509, 0.002320153195630931)",0.0012004677230166455,0.00029251455248931305,0,178.0,0.011029616248822151,"(-0.0019094572594444126, 0.024736429501531636)",False
B_offset,po_slope,playoffs,0.5924056885915653,0.0003630754237062881,"(-0.0003064833664882829, 0.0010504650147945668)","(-0.0005998020901855539, 0.0015266355759043701)",0.0007509141388874082,-2.4763291474832182e-05,1,178.0,0.005364541372739021,"(-0.003975876952130916, 0.015435782862055245)",False
B_offset,zigzag,playoffs,0.5922840915106814,0.00024147834282222966,"(-0.0009975010597181458, 0.0014950388039889706)","(-0.0017155955611301297, 0.002268048046158476)",-0.0009303791675604034,0.0014133358532048628,1,139.0,0.004568978716708433,"(-0.01753294474559278, 0.02794228198288446)",False
B_offset,elim_po,playoffs,0.5920409243797883,-1.6887880708739059e-06,"(-1.9463837723537688e-05, 1.5738251028940562e-05)","(-2.9490985505409003e-05, 2.6262843160222092e-05)",-1.8524334536269315e-07,-3.1923327963851186e-06,2,39.0,-0.00011388493913819456,"(-0.0012930590931100052, 0.0010697843134840704)",False
B_offset,game7,playoffs,0.59237569052453,0.00033307735667087484,"(-0.000431245766065182, 0.0012917627457575951)","(-0.0008590840005336326, 0.0018573935428119605)",0.0008848826516769958,-0.0002187279383352459,1,9.0,0.09733260533826786,"(-0.135502633989474, 0.3352612736991639)",False
B_offset,series_lead,playoffs,0.5920401007692643,-2.512398594857225e-06,"(-7.373432053694257e-05, 6.78432532542056e-05)","(-0.00011284711397493206, 0.00010905525077951298)",4.1112094796878513e-07,-5.435918137683235e-06,1,108.0,-6.118155837469054e-05,"(-0.001783314533705384, 0.00161637609811079)",False
B_offset,down02,playoffs,0.5926136945565471,0.0005710813886880249,"(2.6440740612563377e-05, 0.0011679526552052664)","(-0.0002452030793674713, 0.0015046930521176532)",0.0008927467596220942,0.00024941601775395567,0,16.0,0.09387150326559471,"(0.005969345668348397, 0.17121139987325254)",False
B_offset,po_combined_l2,playoffs,0.5924716522883934,0.0004290391205343737,"(-0.0009341564335647538, 0.0018073654591155663)","(-0.0015658974831699959, 0.0027830536780497884)",0.0008468906138778317,1.1187627190915719e-05,0,181.0,0.0062341043480961915,"(-0.013392107211638707, 0.025964039549502035)",False
B_offset,all_combined_l2,all,0.593609183796038,0.001566570628178938,"(-0.0010383579570978055, 0.004113420130301102)","(-0.002610536299519107, 0.005812066451437055)",0.0028571868888795354,0.00027595436747834053,0,949.0,0.004341497104436891,"(-0.0025359810975746785, 0.01114848381480881)",False
B_offset,all_combined_gbm,all,0.5920426131678591,-3.688431056145363e-18,"(-7.862320849294121e-18, 4.1712514304476627e-19)","(-9.971140171172217e-18, 2.5796711235635755e-18)",1.4774831126190295e-18,-8.854345224909756e-18,1,949.0,-7.61889088289919e-18,"(-1.4462731445657004e-17, -4.526001397806756e-19)",False
A_recal,market_recal,-,0.5926566025152951,0.0006139893474359386,"(-0.0010636372152016086, 0.0023419984451582476)","(-0.002061917527973134, 0.003223054924563014)",0.0008736281714849159,0.000354350523386961,0,,,,
A_recal,elim_diff,regular season,0.5940358582304432,0.001993245062584162,"(-0.00018193535523794278, 0.004191731078228807)","(-0.001413967722153929, 0.005425638893659375)",0.003261691153146037,0.0007247989720222865,0,155.0,0.0015803471876170536,"(-0.008984844521551634, 0.012042538044859401)",False
A_recal,locked_diff,regular season,0.5926854447386735,0.0006428315708144111,"(-0.001241569112859865, 0.0024864569302543334)","(-0.0024748294964724617, 0.0035497273882571564)",0.0008504043749353324,0.0004352587666934897,0,35.0,-0.003555722389156078,"(-0.05555464463237107, 0.047289223271648854)",False
A_recal,nostakes_diff,regular season,0.593676827784095,0.0016342146162359192,"(-0.0004559522771850814, 0.0037523970988531065)","(-0.001648748187464955, 0.0049651513688731925)",0.0029702717547480727,0.00029815747772376643,0,172.0,-9.03132692504922e-05,"(-0.011580559848698683, 0.0112271996762918)",False
A_recal,tank_diff,regular season,0.5933125783485488,0.001269965180689668,"(-0.0006071100492581757, 0.003159234328566916)","(-0.0017630991379994907, 0.004253043021093284)",0.0022684194265435646,0.00027151093483577133,0,246.0,-0.00044252662156875084,"(-0.0074823717768226095, 0.006629457917426084)",False
A_recal,race_diff,regular season,0.5922217169520675,0.00017910378420830236,"(-0.0016964706032957806, 0.0020449918976165856)","(-0.002742594186489802, 0.0030832137389209904)",0.00030410792664269207,5.409964177391265e-05,0,317.0,-0.003787311541272538,"(-0.013624535539571212, 0.0061277270296785)",False
A_recal,lw_nostakes_diff,regular season,0.5927101431655304,0.0006675299976712055,"(-0.0010881856776627887, 0.002416386903459105)","(-0.002050276868497166, 0.003391013518876491)",0.0011803769994843802,0.00015468299585803078,0,65.0,-0.0049526120182959,"(-0.018825797478637517, 0.010917812825195529)",False
A_recal,rs_combined_l2,regular season,0.5948831974584662,0.0028405842906071136,"(1.4940990410753279e-05, 0.005706894915208327)","(-0.0018345847307693363, 0.007316218420508752)",0.005149442316592751,0.0005317262646214762,0,768.0,0.003838287194037447,"(-0.003916955751034666, 0.01138491372652978)",False
A_recal,po_fav,playoffs,0.5934696611114505,0.0014270479435913692,"(-0.0006442670235936153, 0.0034307970494723648)","(-0.0017376524145123469, 0.004503202839498471)",0.0020679050978323183,0.00078619078935042,0,178.0,0.014394180233781625,"(-0.0011432601518458825, 0.030756197758614594)",False
A_recal,po_slope,playoffs,0.5929751245239238,0.0009325113560645398,"(-0.0009141659823380244, 0.002756465778036422)","(-0.0018931221603361269, 0.0037624449554887886)",0.0015115513584987037,0.00035347135363037564,0,178.0,0.007396006623938891,"(-0.004054243986163123, 0.019341289863951554)",False
A_recal,zigzag,playoffs,0.5928500944932478,0.0008074813253885753,"(-0.0013411377593755363, 0.002950718366200588)","(-0.0023284469829145185, 0.004664235543090762)",-0.0001416950501785485,0.0017566577009556987,1,139.0,0.004517698310474199,"(-0.018804806499244864, 0.028174475376095007)",False
A_recal,elim_po,playoffs,0.5926533293563927,0.0006107161885335636,"(-0.0010851236269438474, 0.002351150936604091)","(-0.002101251579430894, 0.0032914188495086058)",0.0008808503782900635,0.00034058199877706345,0,39.0,-0.0003534837396053128,"(-0.011814036912941174, 0.012179483669685824)",False
A_recal,game7,playoffs,0.593013959379599,0.0009713462117399042,"(-0.0009278250309173391, 0.0028700845697576015)","(-0.001866679827924464, 0.003927849096047829)",0.0017663350213724144,0.00017635740210739396,0,9.0,0.09635600112864393,"(-0.14364397162729844, 0.344082004735966)",False
A_recal,series_lead,playoffs,0.5926596845026341,0.0006170713347749222,"(-0.0010677715970083196, 0.002351394701312098)","(-0.0020528007523029127, 0.0032732061767070785)",0.0008793989240524833,0.0003547437454973608,0,108.0,0.0004909806301075625,"(-0.006944983133623587, 0.008506716124577164)",False
A_recal,down02,playoffs,0.5931830860517705,0.001140472883911403,"(-0.0006507789850189159, 0.002953004680781611)","(-0.0016823218164829, 0.0040124866880509)",0.0016468616412558708,0.0006340841265669355,0,16.0,0.07820791589975609,"(-0.013092252073409319, 0.16082656339046444)",False
A_recal,po_combined_l2,playoffs,0.5931405477214373,0.0010979345535781437,"(-0.0011859854932788714, 0.0033047157099007863)","(-0.0024672231616758413, 0.004460538452519778)",0.0017206157168798847,0.00047525339027640296,0,181.0,0.008687468557769067,"(-0.012521394562793896, 0.03074444528148412)",False
A_recal,all_combined_l2,all,0.5951144355690957,0.003071822401236537,"(-0.00011818558295127069, 0.006145935457529716)","(-0.002129620878428736, 0.007896671379945345)",0.0055999904938506305,0.0005436543086224443,0,949.0,0.00451371583337059,"(-0.0029607693428998507, 0.01182591091831407)",False
