game_id,game_date,season,season_type,team,opp,home,player_id,player,starter,min,pts,fgm,fga,fg3m,fg3a,ftm,fta,oreb,dreb,reb,ast,stl,blk,tov,pf,plus_minus
espn_401902644,2026-10-03,2026-27,Preseason,MIA,TOR,0,2528210,Tim Hardaway Jr.,0,11,14,4,4,3,3,3,3,0,0,0,0,0,0,1,0,16
espn_401902644,2026-10-03,2026-27,Preseason,MIA,TOR,0,3032977,Giannis Antetokounmpo,1,14,9,3,3,0,0,3,4,0,4,4,7,0,0,2,1,4
espn_401902644,2026-10-03,2026-27,Preseason,MIA,TOR,0,3059319,Andrew Wiggins,1,13,12,4,6,4,6,0,0,0,1,1,0,1,0,0,2,5
espn_401902644,2026-10-03,2026-27,Preseason,MIA,TOR,0,3064482,Bobby Portis,0,11,4,1,4,1,3,1,2,1,2,3,2,0,0,1,2,16
espn_401902644,2026-10-03,2026-27,Preseason,MIA,TOR,0,3899664,Simone Fontecchio,0,11,4,2,4,0,2,0,0,0,2,2,1,0,1,2,0,16
espn_401902644,2026-10-03,2026-27,Preseason,MIA,TOR,0,4066261,Bam Adebayo,1,13,10,2,7,1,4,5,6,2,4,6,0,0,0,2,3,5
espn_401902644,2026-10-03,2026-27,Preseason,MIA,TOR,0,4278053,Davion Mitchell,1,13,3,1,5,1,3,0,0,1,0,1,4,1,0,2,0,5
espn_401902644,2026-10-03,2026-27,Preseason,MIA,TOR,0,4278076,Nick Richards,0,10,0,0,0,0,0,0,0,2,5,7,0,0,2,2,2,-7
espn_401902644,2026-10-03,2026-27,Preseason,MIA,TOR,0,4431720,Lester Quinones,0,9,0,0,2,0,1,0,0,0,1,1,0,0,0,1,0,5
espn_401902644,2026-10-03,2026-27,Preseason,MIA,TOR,0,4431772,Myron Gardner,0,14,7,2,4,1,3,2,2,1,4,5,2,2,1,2,5,4
espn_401902644,2026-10-03,2026-27,Preseason,MIA,TOR,0,4601025,Pelle Larsson,0,11,13,3,3,0,0,7,7,0,2,2,2,2,0,1,0,16
espn_401902644,2026-10-03,2026-27,Preseason,MIA,TOR,0,4693954,Ian Schieffelin,0,10,11,4,4,1,1,2,2,1,2,3,1,0,0,0,0,8
espn_401902644,2026-10-03,2026-27,Preseason,MIA,TOR,0,4700818,Vladislav Goldin,0,7,6,3,4,0,0,0,0,0,1,1,0,0,0,1,1,1
espn_401902644,2026-10-03,2026-27,Preseason,MIA,TOR,0,4702784,J'Vonne Hadley,0,10,2,1,1,0,0,0,0,1,5,6,0,1,0,0,1,-1
espn_401902644,2026-10-03,2026-27,Preseason,MIA,TOR,0,4837356,Tre Donaldson,0,16,6,1,5,0,3,4,6,0,0,0,3,1,1,2,2,-1
espn_401902644,2026-10-03,2026-27,Preseason,MIA,TOR,0,4898237,Bez Mbeng,0,18,11,5,11,1,3,0,0,0,3,3,3,1,0,2,1,11
espn_401902644,2026-10-03,2026-27,Preseason,MIA,TOR,0,4997528,Nikola Jovic,0,17,11,3,9,1,4,4,4,0,7,7,4,0,2,2,2,11
espn_401902644,2026-10-03,2026-27,Preseason,MIA,TOR,0,5107157,Ryan Conwell,0,18,6,3,8,0,3,0,0,0,1,1,2,0,0,1,2,1
espn_401902644,2026-10-03,2026-27,Preseason,MIA,TOR,0,6475,Klay Thompson,1,13,0,0,2,0,1,0,0,1,1,2,0,0,0,1,0,5
espn_401902644,2026-10-03,2026-27,Preseason,TOR,MIA,1,3134908,Jakob Poeltl,1,18,9,3,3,0,0,3,4,0,1,1,1,2,1,1,3,8
espn_401902644,2026-10-03,2026-27,Preseason,TOR,MIA,1,4279143,Tyreke Key,0,16,15,5,9,4,7,1,2,0,1,1,0,0,0,1,2,-11
espn_401902644,2026-10-03,2026-27,Preseason,TOR,MIA,1,4395625,RJ Barrett,1,17,15,3,9,2,4,7,8,0,3,3,1,1,0,1,1,7
espn_401902644,2026-10-03,2026-27,Preseason,TOR,MIA,1,4395724,Immanuel Quickley,1,12,5,2,6,1,4,0,0,1,1,2,3,1,0,1,2,-8
espn_401902644,2026-10-03,2026-27,Preseason,TOR,MIA,1,4397784,Malachi Smith,0,31,7,3,11,0,4,1,2,2,3,5,2,2,0,3,1,-31
espn_401902644,2026-10-03,2026-27,Preseason,TOR,MIA,1,4432241,Jamal Shead,0,28,3,1,7,0,3,1,2,2,3,5,7,3,1,2,0,-17
espn_401902644,2026-10-03,2026-27,Preseason,TOR,MIA,1,4432737,Jaden Bradley,0,20,9,3,4,1,1,2,4,1,2,3,2,1,0,0,5,-20
espn_401902644,2026-10-03,2026-27,Preseason,TOR,MIA,1,4433134,Scottie Barnes,1,12,11,5,11,0,1,1,2,2,0,2,2,3,0,3,3,-16
espn_401902644,2026-10-03,2026-27,Preseason,TOR,MIA,1,4433138,Nimari Burnett,0,24,6,2,10,1,8,1,2,0,3,3,3,1,0,4,6,-20
espn_401902644,2026-10-03,2026-27,Preseason,TOR,MIA,1,4590360,Chucky Hepburn,0,25,11,4,6,1,2,2,3,1,3,4,2,3,0,2,3,-13
espn_401902644,2026-10-03,2026-27,Preseason,TOR,MIA,1,4684272,Ja'Kobe Walter,1,18,8,3,8,2,6,0,0,0,5,5,1,0,0,1,2,8
espn_401902644,2026-10-03,2026-27,Preseason,TOR,MIA,1,5093267,Collin Murray-Boyles,0,20,6,3,10,0,1,0,1,4,5,9,1,0,0,0,2,-7
espn_401914127,2026-10-04,2026-27,Preseason,DEN,UTA,1,3064290,Aaron Gordon,1,10,12,4,8,1,3,3,3,1,3,4,0,0,0,2,0,-5
espn_401914127,2026-10-04,2026-27,Preseason,DEN,UTA,1,3112335,Nikola Jokic,1,15,3,1,1,0,0,1,2,0,3,3,7,1,1,0,2,-13
espn_401914127,2026-10-04,2026-27,Preseason,DEN,UTA,1,3135046,Tyus Jones,1,19,8,3,6,2,3,0,0,0,2,2,6,0,0,2,1,-6
espn_401914127,2026-10-04,2026-27,Preseason,DEN,UTA,1,3138196,Cameron Johnson,1,15,8,3,7,2,6,0,0,0,2,2,0,1,1,0,3,-7
espn_401914127,2026-10-04,2026-27,Preseason,DEN,UTA,1,3978,DeMar DeRozan,0,10,5,2,5,0,1,1,1,0,1,1,1,0,1,0,0,-8
espn_401914127,2026-10-04,2026-27,Preseason,DEN,UTA,1,4065813,Alpha Diallo,0,13,2,0,2,0,0,2,2,1,2,3,2,0,0,1,2,-1
espn_401914127,2026-10-04,2026-27,Preseason,DEN,UTA,1,4277848,Marvin Bagley III,0,14,5,2,7,0,1,1,2,2,5,7,0,0,0,2,0,4
espn_401914127,2026-10-04,2026-27,Preseason,DEN,UTA,1,4277890,Lonnie Walker IV,0,9,3,1,4,1,4,0,0,0,3,3,2,1,1,0,0,1
espn_401914127,2026-10-04,2026-27,Preseason,DEN,UTA,1,4395667,Dane Goodwin,0,3,0,0,0,0,0,0,0,0,1,1,0,0,0,0,0,1
espn_401914127,2026-10-04,2026-27,Preseason,DEN,UTA,1,4431690,Zeke Nnaji,0,15,3,0,4,0,2,3,4,1,2,3,1,0,1,2,3,-1
espn_401914127,2026-10-04,2026-27,Preseason,DEN,UTA,1,4431767,Christian Braun,1,15,6,3,5,0,2,0,2,1,2,3,1,0,0,0,0,-13
espn_401914127,2026-10-04,2026-27,Preseason,DEN,UTA,1,4432181,Julian Strawther,0,20,14,6,13,1,6,1,2,1,2,3,1,0,0,1,2,3
espn_401914127,2026-10-04,2026-27,Preseason,DEN,UTA,1,4432872,Emanuel Miller,0,3,5,2,3,0,1,1,1,1,0,1,0,0,0,0,0,1
espn_401914127,2026-10-04,2026-27,Preseason,DEN,UTA,1,4432976,Coleman Hawkins,0,3,0,0,1,0,0,0,0,0,0,0,0,0,0,0,0,1
espn_401914127,2026-10-04,2026-27,Preseason,DEN,UTA,1,4433607,DaRon Holmes II,0,12,4,2,6,0,3,0,0,0,1,1,1,0,1,0,1,-6
espn_401914127,2026-10-04,2026-27,Preseason,DEN,UTA,1,4433629,Ryan Nembhard,0,17,5,2,4,1,2,0,0,2,1,3,4,0,0,1,3,3
espn_401914127,2026-10-04,2026-27,Preseason,DEN,UTA,1,4565698,Bryce Hopkins,0,12,1,0,2,0,0,1,2,0,2,2,0,1,0,0,0,-10
espn_401914127,2026-10-04,2026-27,Preseason,DEN,UTA,1,4698719,Trevon Brazile,0,20,7,3,4,1,2,0,0,1,2,3,0,0,2,0,4,-1
espn_401914127,2026-10-04,2026-27,Preseason,DEN,UTA,1,5105592,Cam Whitmore,0,15,6,2,7,2,3,0,0,1,1,2,1,0,0,0,2,-3
espn_401914127,2026-10-04,2026-27,Preseason,UTA,DEN,0,3102530,Jusuf Nurkic,1,11,4,1,5,0,2,2,2,0,5,5,4,1,1,0,2,3
espn_401914127,2026-10-04,2026-27,Preseason,UTA,DEN,0,3133602,Svi Mykhailiuk,0,17,9,3,9,3,8,0,0,0,0,0,3,0,0,0,0,11
espn_401914127,2026-10-04,2026-27,Preseason,UTA,DEN,0,4065663,Josh Okogie,0,14,3,1,3,1,3,0,0,1,0,1,1,0,0,0,1,-4
espn_401914127,2026-10-04,2026-27,Preseason,UTA,DEN,0,4066336,Lauri Markkanen,1,14,17,5,12,3,7,4,4,1,1,2,0,1,0,1,0,11
espn_401914127,2026-10-04,2026-27,Preseason,UTA,DEN,0,4277919,Mo Bamba,0,12,6,2,4,0,0,2,2,2,5,7,2,0,0,0,0,6
espn_401914127,2026-10-04,2026-27,Preseason,UTA,DEN,0,4277961,Jaren Jackson Jr.,1,18,11,4,7,1,3,2,3,2,2,4,2,0,0,1,3,4
espn_401914127,2026-10-04,2026-27,Preseason,UTA,DEN,0,4396963,Blake Hinson,0,17,14,5,8,4,5,0,0,4,2,6,0,0,0,0,2,4
espn_401914127,2026-10-04,2026-27,Preseason,UTA,DEN,0,4397077,Jaxson Hayes,0,19,2,1,2,0,0,0,1,0,3,3,4,0,3,1,0,-1
espn_401914127,2026-10-04,2026-27,Preseason,UTA,DEN,0,4433268,Trey Alexander,0,12,0,0,5,0,2,0,0,0,2,2,2,0,0,1,1,1
espn_401914127,2026-10-04,2026-27,Preseason,UTA,DEN,0,4433618,Harrison Ingram,0,12,6,3,7,0,2,0,0,0,1,1,0,0,0,1,2,1
espn_401914127,2026-10-04,2026-27,Preseason,UTA,DEN,0,4433627,Keyonte George,1,21,15,5,8,1,3,4,5,0,4,4,3,0,0,1,4,6
espn_401914127,2026-10-04,2026-27,Preseason,UTA,DEN,0,4683766,Isaiah Collier,0,15,9,3,4,2,3,1,1,0,4,4,4,0,0,0,2,5
espn_401914127,2026-10-04,2026-27,Preseason,UTA,DEN,0,4683933,Tamar Bates,0,15,0,0,3,0,2,0,0,1,1,2,1,0,0,1,3,5
espn_401914127,2026-10-04,2026-27,Preseason,UTA,DEN,0,4684682,Jonas Aidoo,0,3,0,0,1,0,1,0,0,0,2,2,0,0,0,0,0,-1
espn_401914127,2026-10-04,2026-27,Preseason,UTA,DEN,0,4873138,Ace Bailey,0,20,10,5,10,0,2,0,0,2,3,5,0,1,1,1,2,11
espn_401914127,2026-10-04,2026-27,Preseason,UTA,DEN,0,5041955,Darryn Peterson,1,19,3,1,5,0,2,1,2,1,5,6,2,1,0,2,3,-2
espn_401918010,2026-10-04,2026-27,Preseason,GSW,LAC,0,2990969,Georges Niang,0,12,4,2,6,0,3,0,0,0,2,2,0,0,0,0,3,2
espn_401918010,2026-10-04,2026-27,Preseason,GSW,LAC,0,3134903,Gary Payton II,0,12,6,3,5,0,1,0,2,0,0,0,1,2,0,0,1,14
espn_401918010,2026-10-04,2026-27,Preseason,GSW,LAC,0,3213,Al Horford,1,16,3,1,5,1,4,0,0,0,3,3,1,1,0,2,1,2
espn_401918010,2026-10-04,2026-27,Preseason,GSW,LAC,0,3975,Stephen Curry,1,13,10,3,4,2,3,2,2,1,1,2,2,1,0,2,1,-14
espn_401918010,2026-10-04,2026-27,Preseason,GSW,LAC,0,4066436,De'Anthony Melton,0,16,2,1,4,0,2,0,0,0,1,1,2,0,0,1,2,-1
espn_401918010,2026-10-04,2026-27,Preseason,GSW,LAC,0,4397040,Brandon Williams,0,16,11,4,9,0,2,3,3,0,2,2,3,1,0,1,1,16
espn_401918010,2026-10-04,2026-27,Preseason,GSW,LAC,0,4397886,Charles Bassey,0,16,12,6,10,0,0,0,2,6,2,8,1,2,0,3,3,-6
espn_401918010,2026-10-04,2026-27,Preseason,GSW,LAC,0,4433149,LJ Cryer,0,3,1,0,3,0,1,1,2,0,0,0,0,0,0,0,0,-1
espn_401918010,2026-10-04,2026-27,Preseason,GSW,LAC,0,4433159,Dalen Terry,0,11,5,2,4,0,1,1,2,1,4,5,2,0,0,0,2,-9
espn_401918010,2026-10-04,2026-27,Preseason,GSW,LAC,0,4696317,Miles Kelly,0,7,2,1,4,0,2,0,0,0,0,0,1,0,0,1,2,-9
espn_401918010,2026-10-04,2026-27,Preseason,GSW,LAC,0,4703396,Graham Ike,0,16,11,3,7,0,2,5,5,1,4,5,1,2,1,2,3,1
espn_401918010,2026-10-04,2026-27,Preseason,GSW,LAC,0,4709138,Brandin Podziemski,1,18,7,2,10,1,4,2,4,0,2,2,2,1,0,1,1,7
espn_401918010,2026-10-04,2026-27,Preseason,GSW,LAC,0,4897262,Will Richard,0,17,2,1,3,0,1,0,0,0,2,2,0,0,0,0,3,0
espn_401918010,2026-10-04,2026-27,Preseason,GSW,LAC,0,4897449,Malevy Leons,0,10,8,3,5,0,1,2,3,2,0,2,1,1,0,1,1,-2
espn_401918010,2026-10-04,2026-27,Preseason,GSW,LAC,0,4997536,Gui Santos,0,17,9,3,7,1,2,2,2,1,3,4,0,0,0,2,2,-11
espn_401918010,2026-10-04,2026-27,Preseason,GSW,LAC,0,5170949,Alex Toohey,0,8,2,1,2,0,0,0,0,0,0,0,1,1,2,0,0,-1
espn_401918010,2026-10-04,2026-27,Preseason,GSW,LAC,0,5175737,Yaxel Lendeborg,1,19,4,1,6,1,3,1,2,1,8,9,3,0,1,0,3,3
espn_401918010,2026-10-04,2026-27,Preseason,GSW,LAC,0,6589,Draymond Green,1,14,2,0,1,0,1,2,2,0,2,2,2,3,0,0,1,-6
espn_401918010,2026-10-04,2026-27,Preseason,LAC,GSW,1,2991139,Kris Dunn,0,6,3,1,2,1,2,0,0,0,1,1,0,0,1,0,1,2
espn_401918010,2026-10-04,2026-27,Preseason,LAC,GSW,1,3448,Brook Lopez,0,7,1,0,4,0,1,1,2,1,2,3,0,0,0,1,2,5
espn_401918010,2026-10-04,2026-27,Preseason,LAC,GSW,1,3936099,Derrick Jones Jr.,1,15,6,2,6,1,4,1,3,0,1,1,0,0,1,0,2,5
espn_401918010,2026-10-04,2026-27,Preseason,LAC,GSW,1,4065778,Max Strus,1,5,0,0,1,0,1,0,0,0,1,1,0,0,0,0,0,-2
espn_401918010,2026-10-04,2026-27,Preseason,LAC,GSW,1,4066648,Rui Hachimura,1,15,21,8,11,4,5,1,2,0,5,5,0,0,1,2,2,7
espn_401918010,2026-10-04,2026-27,Preseason,LAC,GSW,1,4396907,Darius Garland,1,15,15,4,4,3,3,4,5,1,2,3,6,0,0,1,0,9
espn_401918010,2026-10-04,2026-27,Preseason,LAC,GSW,1,4398390,Jalen Pickett,0,14,4,2,4,0,0,0,0,0,2,2,0,0,0,2,2,-8
espn_401918010,2026-10-04,2026-27,Preseason,LAC,GSW,1,4432170,Isaiah Jackson,1,17,4,2,3,0,0,0,0,0,4,4,3,1,2,3,0,7
espn_401918010,2026-10-04,2026-27,Preseason,LAC,GSW,1,4683935,Blake Wesley,0,18,8,3,5,0,0,2,3,0,3,3,1,1,1,1,1,1
espn_401918010,2026-10-04,2026-27,Preseason,LAC,GSW,1,4845363,Cam Christie,0,28,8,2,8,0,3,4,4,1,7,8,3,0,0,5,1,7
espn_401918010,2026-10-04,2026-27,Preseason,LAC,GSW,1,5075626,Baba Miller,0,20,9,2,5,0,1,5,6,2,4,6,0,0,0,1,5,-4
espn_401918010,2026-10-04,2026-27,Preseason,LAC,GSW,1,5105832,Nick Martinelli,0,24,5,2,6,1,3,0,0,2,0,2,1,0,0,2,1,-3
espn_401918010,2026-10-04,2026-27,Preseason,LAC,GSW,1,5105853,Fletcher Loyer,0,7,0,0,1,0,1,0,0,0,1,1,0,0,0,0,1,-10
espn_401918010,2026-10-04,2026-27,Preseason,LAC,GSW,1,5106258,Gradey Dick,0,16,4,1,5,0,1,2,2,2,4,6,1,0,0,1,3,0
espn_401918010,2026-10-04,2026-27,Preseason,LAC,GSW,1,5159895,Yuki Kawamura,0,4,1,0,0,0,0,1,2,0,0,0,0,0,0,2,1,-3
espn_401918010,2026-10-04,2026-27,Preseason,LAC,GSW,1,5254165,Keaton Wagler,0,30,15,3,15,1,11,8,9,1,5,6,3,2,1,0,2,2
